# Candidate classes: panels to load in whole-file scans; no sinks have been learned for any of them (README.md).
# recall: the group build's measurement (150-bp reads tiled over each source copy); recall_tiled: share of reads
# tiled from the unit that a scan assigns to the class, all candidate and shipped panels loaded (README.md, gate e).
# na12878_reads: reads of the class in one whole-file scan of NA12878 (NYGC 30x CRAM, female); na12878_at_reference_copies:
# the share of them the aligner placed in bins at the class's reference copies (reference_copies.GRCh38.bed: the
# copies widened to the engine's 1-kb placement bins, 10 kb for a compositional class; '-' under 25 reads).
# indicative_fetch_mb: bytes beyond today's fetch (controls + core_tel) of the intervals `ngsdose sinks` learns from
# that one scan (the placement bins holding its reads, in 10-kb neighbourhoods with >= 25 of them, padded 1 kb),
# median over 13 NYGC CRAM indexes; '-' where NA12878 has too few reads (chrY classes, absent viruses). One genome:
# planning numbers, not sinks.
class	group	panel	kind	circular	unit	unit_bp	kmers	recall	recall_tiled	tier	status	measures	truth	na12878_reads	na12878_at_reference_copies	indicative_fetch_mb	unit_source	reference_copies	caveats
DXZ4	macrosatellites	macrosatellites.k31.panel.tsv.gz	positional	1	units/DXZ4.fa	2972	2762	CHM13 chrX array 100.0% (n=16541, median 117 hits); GRCh38 chrX array, left of gap 91.7% (n=1212, median 108 hits); GRCh38 chrX array, right of gap 100.0% (n=4597, median 108 hits); paralog: GRCh38 DXZ4-like fragment 0.0% (n=226, median 0 hits)	1.000	A	candidate: no sinks yet	Total DXZ4 units (3.0 kb, 62% GC, CTCF-bound on the Xi): hemizygous single alleles in males, two-allele sums in females; X-linked transmission (father->daughter slope 1, father->son 0, mother->son 0.5).	Schaap 2013 (BMC Genomics 14:143) Additional file 1: PFGE per-allele unit counts for 262 cohort members (HapMap CEU/YRI trios, CHB, JPT), 6 mosaics with fractions; Tremblay 2011 CEPH 1345 (NA07349, NA07346). None of the 262 is among the 1,748 counted yet. Strathmann 2023 (AJHG) links DXZ4 monomer number to PLS3 expression in LCLs (Geuvadis replication possible).	42786	0.9999	0.78	CHM13v2.0 chrX:114,191,115-114,194,086 (one 2,972-bp period of the DXZ4 array; samtools faidx; junction 31-mer found 53 times in the CHM13 array, so the unit closes exactly)	GRCh38 primary chrX:115,725,929-115,738,195 (4 units) and 115,843,296-115,889,415 (16 units) either side of the 100-kb N gap chrX:115,738,949-115,838,949; no alt, HLA or decoy copy. CHM13 chrX:114,133,487-114,299,042 (56 units). Diverged fragment (82%) chrX:115,950,131 left in the background.	2963 distinct unit k-mers: 0 repeated within the unit, 9 shared within the group, 182 in the GRCh38/CHM13 background outside the class's own copies, 0 further removed as shipped-panel k-mers, 2772 kept. k-mers shared with other classes of this group (dropped from both): D4Z4_4qB 9. Unit from CHM13, one period; GRCh38 left segment beside the gap recalls 91.7% (last units next to the N gap). GC 62%: tests the fragment-GC model at its high end. LCL mitotic instability (Schaap mosaics) is expected. Where reads land is to be learned from scans; the reference copies are only the expected place.
CT47	macrosatellites	macrosatellites.k31.panel.tsv.gz	positional	1	units/CT47.fa	4860	4227	CHM13 chrX array 98.0% (n=3834, median 116 hits); GRCh38 CT47A array 99.0% (n=5749, median 116 hits); GRCh38 CT47B1 side partial 91.7% (n=652, median 83 hits); paralog: GRCh38 CT47C1 0.0% (n=363, median 0 hits)	0.998	A	candidate: no sinks yet	CT47 cancer-testis gene-array units: small integer states (Schaap: 4-13 per male allele), X-linked transmission with integer checks (daughter = father + one maternal allele).	Schaap 2013 Additional file 1: PFGE per-allele CT47 units for the same 262 HapMap cohort members (2 mosaics).	8732	0.9999	0.31	CHM13v2.0 chrX:119,264,861-119,269,720 (one 4,860-bp CT47A period; junction 31-mer found 7 times in the CHM13 array)	GRCh38 primary chrX:120,929,381-120,987,017 (CT47A1-A12, 12 units) and the CT47B1-side partial chrX:120,872,714-120,879,381, either side of the 50-kb N gap; CHM13 chrX:119,248,389-119,286,877 (8 units). CT47C1 (88-93%, chrX:119,072,992) left in the background.	4860 distinct unit k-mers: 0 repeated within the unit, 3 shared within the group, 630 in the GRCh38/CHM13 background outside the class's own copies, 0 further removed as shipped-panel k-mers, 4227 kept. k-mers shared with other classes of this group (dropped from both): D4Z4_4qB 3. The CT47B1-side partial is masked as a class copy, so it adds a single-copy offset per X (recall there 91.7%); integer checks must subtract it. CT47C1 k-mers are dropped (0% recall on CT47C1).
RS447	macrosatellites	macrosatellites.k31.panel.tsv.gz	positional	1	units/RS447.fa	4747	3161	CHM13 chr4 array 97.7% (n=26620, median 60 hits); GRCh38 chr4 array 1 97.9% (n=6252, median 63 hits); GRCh38 chr4 array 2 97.1% (n=4600, median 58 hits); NA18505 hap1 (HPRC r2) 98.5% (n=22350, median 57 hits); NA18505 hap2 (HPRC r2) 98.7% (n=30900, median 57 hits); paralog: GRCh38 chr8p23 USP17L 0.0% (n=4067, median 0 hits); paralog: CHM13 chr8p23 USP17L 0.0% (n=4091, median 0 hits)	0.999	A	candidate: no sinks yet	RS447/USP17L megasatellite units (4.7 kb), diploid sum 50-270 units.	Schaap 2013 PFGE per-allele units (43 of 270 RS447 rows marked complex); Brahmachary 2014 PLoS Genet Table S2 Nanostring USP17 counts (165 HapMap; probe also hits chr8 paralogs, r=0.68 with PFGE); HPRC r2 assemblies (NA18505: 47+65 units vs PFGE 49+69).	53507	0.9996	1.54	GRCh38 chr4:9,215,000-9,219,746 (one 4,747-bp period, the spacing of the unit-start 30-mer in the reference array; USP17L unit)	GRCh38 primary chr4:9,210,250-9,272,911 and 9,322,917-9,369,058 (about 23 units) either side of the 50-kb N gap chr4:9,272,916-9,322,916; CHM13 chr4:9,123,235-9,389,581 (56 units). The chr8p23 USP17L paralogs (chr8:7.3-12.4 Mb, ~92.5%) and chr8_KI270813v1_alt (94.5%) are background, not copies.	4747 distinct unit k-mers: 0 repeated within the unit, 0 shared within the group, 1586 in the GRCh38/CHM13 background outside the class's own copies, 0 further removed as shipped-panel k-mers, 3161 kept. 1,586 unit k-mers dropped as chr8p23 paralog/background sequence; read recall still 97-99% and 0% on the chr8 paralogs of both assemblies. Okada 2002: ~8% meiotic instability.
MSR5p	macrosatellites	macrosatellites.k31.panel.tsv.gz	positional	1	units/MSR5p.fa	3434	2936	CHM13 chr5 array 100.0% (n=14282, median 89 hits); GRCh38 chr5 array 1 99.9% (n=1297, median 90 hits); GRCh38 chr5 array 2 99.9% (n=1893, median 87 hits); NA18505 hap1 (HPRC r2) 100.0% (n=19770, median 89 hits); NA18505 hap2 (HPRC r2) 99.8% (n=14266, median 89 hits); paralog: GRCh38 divergent flanks (TAF11L2, H3Y2 / TAF11L11-14, H3Y1) 0.0% (n=3140, median 0 hits); paralog: GRCh38 divergent flank, distal 4.6% (n=5000, median 0 hits)	1.000	A	candidate: no sinks yet	MSR5p/TAF11-like macrosatellite units (3.4 kb); multimodal allele sizes (Schaap modes ~25, 50, 75, 130).	Schaap 2013 PFGE per-allele units (13 complex rows); Brahmachary 2014 Nanostring MSat06 (r=0.87 with PFGE); HPRC r2 (NA18505: 57+41 vs PFGE 50+55).	50877	0.9998	1.11	GRCh38 chr5:17,518,000-17,521,433 (one 3,434-bp TAF11-like period; junction 31-mer found 43 times in the CHM13 array)	GRCh38 primary chr5:17,517,431-17,530,548 and 17,580,548-17,599,621 (about 9 units) either side of the 50-kb N gap, plus a 0.4-unit fragment chr5:17,631,296-17,632,720 (97.2%, masked as a class copy); CHM13 chr5:17,456,872-17,599,835 (41.6 units, 32 forward then 9 inverted) and 17,631,506-17,633,184. The divergent TAF11L/H3Y flank units (95.8-97.7%) are background.	3434 distinct unit k-mers: 0 repeated within the unit, 0 shared within the group, 498 in the GRCh38/CHM13 background outside the class's own copies, 0 further removed as shipped-panel k-mers, 2936 kept. Only the core array and the one near fragment are masked (the literature assessment masked the whole 175-kb window): 498 k-mers shared with the divergent flank units are dropped, so flank reads no longer count (0-4.6% recall on the flanks) while core recall stays 99.8-100%. The fragment adds ~0.4 unit per haplotype as an offset.
FLJ40296	macrosatellites	macrosatellites.k31.panel.tsv.gz	positional	1	units/FLJ40296.fa	6570	6438	CHM13 chr13 array 100.0% (n=3414, median 120 hits); GRCh38 chr13 array 100.0% (n=3414, median 120 hits); NA18505 hap1 (HPRC r2) 100.0% (n=11301, median 120 hits); NA18505 hap2 (HPRC r2) 100.0% (n=6794, median 120 hits)	1.000	A	candidate: no sinks yet	FLJ40296/PRR20 array units (6.6 kb); diploid 8-55, median 18, so one unit is 2-12% of the total: an integer-resolution test like DJ.	Schaap 2013 PFGE per-allele units (1 complex row); Brahmachary 2014 Nanostring PRR20A probes (r=0.92/0.87 with PFGE); HPRC r2 (NA18505: 17.3+10.4 vs PFGE 12+16).	12921	0.9967	0.95	GRCh38 chr13:57,143,000-57,149,569 (one 6,570-bp PRR20 period; junction 31-mer found 6 times in the CHM13 array)	GRCh38 primary chr13:57,139,162-57,173,450 (5.2 units, no gap); CHM13 chr13:56,356,034-56,390,314 (5.2 units). No other copy.	6570 distinct unit k-mers: 0 repeated within the unit, 1 shared within the group, 131 in the GRCh38/CHM13 background outside the class's own copies, 0 further removed as shipped-panel k-mers, 6438 kept. k-mers shared with other classes of this group (dropped from both): RNU2 1. Schaap: 1 meiotic change in 120 transmissions.
RNU2	macrosatellites	macrosatellites.k31.panel.tsv.gz	positional	1	units/RNU2.fa	6126	5115	CHM13 chr17 array 98.5% (n=5545, median 84 hits); GRCh38 chr17 array 96.8% (n=7037, median 67 hits); GenBank U57614.1 unit 99.2% (n=599, median 113 hits); HG00097 hap1 (HPRC r2) 99.1% (n=12617, median 78 hits); HG00097 hap2 (HPRC r2) 99.1% (n=12618, median 77 hits); HG00099 hap1 (HPRC r2) 99.0% (n=15052, median 85 hits); HG00099 hap2 (HPRC r2) 99.2% (n=15673, median 77 hits)	0.992	B	candidate: no sinks yet	Diploid number of 6.1-kb U2 snRNA gene units in the 17q21.31 array next to BRCA1 (5-82 per allele).	Weak external truth: Tessereau 2014 read-depth values for 8 CEPH LCLs (not orthogonal; they disagree at the low end), fiber-FISH only in a figure; HPRC r2 assemblies with per-sample QC (HG00099 50 units vs 30x estimate 52; HG00097 haplotypes near-identical); a dPCR assay exists (Ueda 2026). Transmission in 602 trios.	56474	0.9994	1.40	GenBank U57614.1 bases 1-6,126 (NCBI efetch, then samtools faidx). The record ('complete sequence of the repeat unit', 6,132 bp) is a cloned HindIII fragment: its last 6 bp repeat its first 6 (the site AAGCTT), so the unit leaves them off and its circular join is the array's own junction. CHM13 periods are 6,142-6,176 bp. 17 of the 30 31-mers across the join occur in the GRCh38 and CHM13 arrays; the others cover a small difference of this clone (TGG for GGTG) 17-19 bp before its end.	GRCh38 primary chr17:43,231,443-43,301,957 (about 11 unit-equivalents, collapsed, no gap) plus unit fragments at chr17:43,304,241 (inside the mask) and 43,322,321-43,323,825 (0.25 unit, masked as a class copy); CHM13 chr17:44,114,173-44,169,769 (9 units) plus a 0.47-unit fragment at 44,090,297-44,093,163 (masked). No alt, HLA or hs38d1 copy (hs38d1 has no RNU2 decoy, unlike hs37d5).	6122 distinct unit k-mers: 2 repeated within the unit, 2 shared within the group, 1003 in the GRCh38/CHM13 background outside the class's own copies, 0 further removed as shipped-panel k-mers, 5115 kept. k-mers shared with other classes of this group (dropped from both): FLJ40296 1, D4Z4_4qB 2, D4Z4_10q 2. The two unit fragments are masked (kept k-mers), which recovers unit bp 1,500-3,000 but adds an offset: on real 30x reads fetched over chr17:43.20-43.35 Mb by the RNU2 review, reads carrying >= 4 RNU2 k-mers number 32,505 (NA12272), 80,412 (NA12718), 21,092 (NA12275), 44,057 (NA12274), 48,030 (HG00099), with 386-955 of them at 43.315-43.33 Mb (1-3% of the class; the review found that region polymorphic and Mendelian). The NA12718/NA12272 ratio 2.47 matches the review's estimates 97/41. The 188-bp snRNA k-mers are background (RNU2-2 on chr11 and pseudogenes), so the class does not measure RNU2-2.
D4Z4	macrosatellites	macrosatellites.k31.panel.tsv.gz	positional	1	units/D4Z4.fa	3296	1708	CHM13 chr4 array 92.0% (n=10991, median 55 hits); CHM13 chr10 array 87.2% (n=11034, median 42 hits); GRCh38 chr4 array 90.4% (n=2789, median 49 hits); GRCh38 chr10 array 1 85.4% (n=2092, median 43 hits); GRCh38 chr10 array 2 85.8% (n=2093, median 43 hits); GenBank AF117653.3 90.9% (n=769, median 58 hits); HG00099 hap1 4q (HPRC r2) 90.6% (n=12454, median 49 hits); HG00099 hap2 4q (HPRC r2) 90.6% (n=7842, median 49 hits); HG00099 hap1 10q (HPRC r2) 86.6% (n=2425, median 43 hits); HG00099 hap2 10q (HPRC r2) 87.1% (n=19967, median 44 hits); paralog: CHM13 D4Z4-like loci (1.05 Mb) 0.0% (n=99161, median 0 hits); paralog: GRCh38 D4Z4-like loci (decoys, chrUn, random) 0.0% (n=53262, median 0 hits)	0.921	A	candidate: no sinks yet	Total 4q35 + 10q26 D4Z4 units (the FSHD macrosatellite), one class; cannot identify a contracted 4qA allele.	Schaap 2013 PFGE 4q and 10q sizes for the HapMap cohort members; Xiao 2026 Genome Res Table S6 (83 fully spanned 4q/10q alleles of 30 1000 Genomes LCLs, biased to arrays < ~40 units); 1000 Genomes ONT reads (Gustafson 2024) for reprocessing.	42481	0.9934	9.36	GenBank AF117653.3:5743-9038 (3,296-bp D4Z4 unit; efetch then samtools faidx; junction 31-mer found 34 times in the CHM13 4q array)	GRCh38 primary chr4:190,065,228-190,093,263 (8.5 units), partial unit 190,173,121-190,175,603 after the 50-kb N gap, inverted copy chr4:190,021,640-190,022,776 and the same copy on chr4_KI270896v1_alt:359,171-360,307; chr10:133,664,429-133,685,491 and 133,740,608-133,761,680 (6.4 + 6.4 units) either side of the chr10 N gap. CHM13 chr4:193,433,357-193,543,408 (33 units), inverted copy 193,389,858, chr10:134,615,846-134,726,331 (33.5 units). D4Z4-like loci (81-92%: 530 kb of hs38d1 decoys, chrUn/random, acrocentric and chr1 pericentromeric copies in CHM13) are background.	3296 distinct unit k-mers: 0 repeated within the unit, 0 shared within the group, 1584 in the GRCh38/CHM13 background outside the class's own copies, 0 further removed as shipped-panel k-mers, 1712 kept. 1,584 k-mers are shared with the D4Z4-like paralogs and dropped; recall 85-92% on arrays of four haplotypes and 0% on 1.6 Mb of D4Z4-like sequence. The inverted D4S2463 copy is masked as a class copy: ~0.34 unit per chr4, itself polymorphic (Xiao: 2.5 inverted units in HG00099/HG00675), a small offset. Unit GC ~73%. The existing-count proxy from placement 'all' tallies is ~20% bSat reads and should not be used. 4q vs 10q arm-specific k-mers are left in the class (separate classes would drop them); an arm split would be a sub-count.
ZAV	macrosatellites	macrosatellites.k31.panel.tsv.gz	positional	1	units/ZAV.fa	5448	5262	CHM13 chr9 array 99.8% (n=5776, median 120 hits); GRCh38 chr9 array 99.7% (n=3065, median 120 hits)	1.000	B	candidate: no sinks yet	ZAV/MSat10 units (5.4 kb, ~60% GC with CpG islands); 3-31 units per allele.	Brahmachary 2014 Table S2 Nanostring MSat10 counts for 165 HapMap LCLs (relative only: absolute values were scaled to read depth); HPRC r2 assemblies (arrays <= 168 kb should be spanned; not measured).	16114	0.9986	0.85	GRCh38 chr9:113,064,500-113,069,947 (one 5,448-bp period, the spacing of the unit-start 30-mer in the reference array)	GRCh38 primary chr9:113,059,718-113,090,511 (5.7 units, no gap, next to ZFP37); CHM13 chr9:125,231,476-125,289,380 (10.6 units). No other copy.	5436 distinct unit k-mers: 0 repeated within the unit, 2 shared within the group, 172 in the GRCh38/CHM13 background outside the class's own copies, 0 further removed as shipped-panel k-mers, 5262 kept. k-mers shared with other classes of this group (dropped from both): D4Z4_4qB 2. High GC: 20% of 400-bp unit windows are above 70% GC, where the shipped controls are sparse (1.3% of windows), so absolute copy number leans on the GC model's edge. Brahmachary: copy number vs methylation (R2 0.76) and inverse ZFP37 expression (R -0.38, 58 CEU).
REXO1L1	macrosatellites	macrosatellites.k31.panel.tsv.gz	positional	1	units/REXO1L1.fa	12194	10330	CHM13 chr8 array 99.3% (n=86691, median 89 hits); GRCh38 chr8 array 98.2% (n=13807, median 92 hits)	0.999	C	candidate: no sinks yet	REXO1L1 gene-array units (12.2 kb), diploid ~108-266: the most extreme collapsed euchromatic gene array; a relative dosage, not integer.	Brahmachary 2014 Table S2 Nanostring (two REXO1L1 probes, 165 HapMap; relative only); Tyson 2014 8q21.2 euchromatic-variant carriers (not cohort samples).	259658	0.9991	4.68	GRCh38 chr8:85,760,231-85,772,424 (one 12,194-bp period: the unit's first 31-mer recurs at 85,772,425, and all 30 31-mers across the circular join occur in the GRCh38 and in the CHM13 array; minimap2 asm20 aligns it end to end to 62 CHM13 units at 99.3% identity). The first build cut chr8:85,772,425-85,784,618, the first 12,194 bp of an atypical 15,275-bp unit that carries a 2.9-kb internal duplication, so that unit was not one period: it held the duplicated segment twice and lacked the last 3,080 bp of a normal unit.	GRCh38 primary chr8:85,640,339-85,828,705 (about 11 unit-equivalents, collapsed, 50-kb N gap at 85,664,222-85,714,222); CHM13 chr8:86,079,107-86,946,157 (about 70 units). No decoy/alt copy (only the unit's L1PA5 part hits elsewhere).	12114 distinct unit k-mers: 54 repeated within the unit, 60 shared within the group, 1670 in the GRCh38/CHM13 background outside the class's own copies, 0 further removed as shipped-panel k-mers, 10330 kept. k-mers shared with other classes of this group (dropped from both): D4Z4_4qB 60. The unit's L1PA5 (first ~2 kb) and Alu parts are background: those windows are blind, which the positional estimator handles by masking windows without k-mers. The first build's unit was not one period (unit_source); it kept 5,639 k-mers and had a recall of 0.61. Some units carry a 2.9-kb internal duplication (about 3 kb near unit 5,550-8,640, present twice; the GRCh38 unit at chr8:85,772,425, and in CHM13 one 15,274-bp spacing among 46 between exact unit starts), so windows over that segment read somewhat high in proportion to such units. Scale is set by the model, not checked by any orthogonal absolute truth.
D4Z4_4qA	macrosatellites	macrosatellites.k31.panel.tsv.gz	positional	0	units/D4Z4_4qA.fa	14000	1411	GRCh38 chr4 4qA distal 33.3% (n=1386, median 0 hits); CHM13 chr4 4qA distal 15.2% (n=1386, median 0 hits); GenBank 4A159/161/163/166/168, 4C166H 88.9% (n=144, median 69 hits)	0.333	D	candidate: no sinks yet	Number of 4qA-type distal ends (the FSHD-permissive haplotype class at 4q35, or a 4qA-type end translocated to 10q): 0, 1 or 2 per genome, with closure 4qA + 4qB + 10q = 4.	HPRC r2 assemblies (the D4Z4 haplotype review typed 60 counted members, 36 resolved on both haplotypes); Xiao 2026 Table S6 A/B assignments; Lemmers 2010 HapMap typing (per-sample availability unchecked).	406	0.8128	10.13	GRCh38 chr4:190,175,604-190,189,603 (14 kb from the base after the partial last D4Z4 unit: pLAM with the ATTAAA DUX4 polyadenylation signal at chr4:190,175,814 (CHM13 chr4:193,543,619), the 4qA beta-satellite block 190,175,761-190,182,175, then ~7 kb of 4qA subtelomere). Not circular.	GRCh38 primary chr4:190,175,603-190,189,603 (4qA end, after the chr4 N gap); CHM13 chr4:193,543,408-193,557,408 (CHM13 chr4 is 4qA). The 10qA distal copies (ATCAAA) and the 4qB end are background for this class.	13299 distinct unit k-mers: 291 repeated within the unit, 8371 shared within the group, 3226 in the GRCh38/CHM13 background outside the class's own copies, 0 further removed as shipped-panel k-mers, 1411 kept. k-mers shared with other classes of this group (dropped from both): D4Z4_4qB 482, D4Z4_10q 8347. Recall below 50%, kept as exploratory with this argument: the class is a presence/absence count, and the relevant figure is reads per copy against the zero-copy background. At read density equal to one haplotype at 30x it gives ~460 reads per copy on GRCh38's 4qA and ~210 on CHM13's, 89% of reads over the pLAM region of 18 GenBank 4A/4C haplotypes, and no read on the 10q distal copies of either assembly. The ~2x yield difference between two 4qA haplotypes means integer calls need calibration on typed genomes. The beta-satellite block is part of the shipped bSat class: its 96 unit k-mers that are in the shipped panels (and every other bSat k-mer) are background here. Cannot separate permissive 4A161 from 4A166 (same PAS). Its k-mers are the GRCh38 haplotype's differences from every other copy in GRCh38 and CHM13, so they sit in clusters of ~31 around single divergent sites: a read counts only when it covers one, hence the low share of reads from a whole segment.
D4Z4_4qB	macrosatellites	macrosatellites.k31.panel.tsv.gz	positional	0	units/D4Z4_4qB.fa	29308	1263	GRCh38 chr4 4qB distal 19.8% (n=2916, median 0 hits); HG00099 hap1 4q, 4qB (HPRC r2) 15.3% (n=2343, median 0 hits); HG00099 hap2 4q, 4qB (HPRC r2) 16.9% (n=2909, median 0 hits); paralog: GRCh38 4p copy of the qB segment 0.0% (n=559, median 0 hits); paralog: CHM13 4p copy of the qB segment 0.0% (n=556, median 0 hits); paralog: HG00099 4p (HPRC r2) 0.0% (n=39972, median 0 hits); paralog: HG00099 acrocentric 4qB-like contigs (HPRC r2) 0.0% (n=8440, median 0 hits)	0.197	D	candidate: no sinks yet	Number of 4qB-type distal ends (4qB on 4q, or 10qB): 0, 1 or 2 (3 with a 10qB), closure with 4qA and 10q.	HPRC r2 typing (HG00099 4qB/4qB, 36 of 60 typed members resolved; n4qB 0/1/2 = 3/20/13); Xiao 2026 Table S6.	571	0.9632	0.58	GRCh38 chr4:190,093,265-190,122,572 (29.3 kb from the base after the last D4Z4 unit of the chr4 4qB end, which matches the GenBank 4qB haplotypes HM190160-164 at 99.8%, up to the telomere repeat at 190,122,573). Not circular.	GRCh38 primary chr4:190,093,264-190,122,572 (the 4qB end before the chr4 N gap). CHM13 has no 4qB end. The 4p copy of the qB segment (GRCh38 chr4:30,071-35,804, CHM13 chr4:29.5-35.2 kb, 99.6%) and acrocentric p-arm copies (CHM13 chr15/21/22) are background.	28106 distinct unit k-mers: 560 repeated within the unit, 579 shared within the group, 25698 in the GRCh38/CHM13 background outside the class's own copies, 0 further removed as shipped-panel k-mers, 1269 kept. k-mers shared with other classes of this group (dropped from both): DXZ4 9, CT47 3, RNU2 2, ZAV 2, REXO1L1 6, D4Z4_4qA 482, D4Z4_10q 1039. Recall below 50%, kept as exploratory: ~580 reads per copy on the GRCh38 4qB end and 360-490 on HG00099's two 4qB haplotypes (HPRC r2) at one-haplotype 30x density; 0 reads on the 4p copies (GRCh38, CHM13, HG00099) and on HG00099's acrocentric 4qB-like contigs. The GenBank records hold too little distal sequence to test. 579 k-mers are shared with other units (1,039 of its unit k-mers with D4Z4_10q, 482 with D4Z4_4qA). Its k-mers are the GRCh38 haplotype's differences from every other copy in GRCh38 and CHM13, so they sit in clusters of ~31 around single divergent sites: a read counts only when it covers one, hence the low share of reads from a whole segment.
D4Z4_10q	macrosatellites	macrosatellites.k31.panel.tsv.gz	positional	0	units/D4Z4_10q.fa	14000	749	GRCh38 chr10 distal after array 2 21.2% (n=1386, median 0 hits); GRCh38 chr10 distal after array 1 17.4% (n=483, median 0 hits); CHM13 chr10 distal 16.4% (n=1686, median 0 hits); HG00099 hap1 10q (HPRC r2; 4q/10q hybrid) 14.2% (n=1420, median 0 hits) [cross-talk D4Z4_4qA:0.018]; HG00099 hap2 10q (HPRC r2) 19.2% (n=1428, median 0 hits); GenBank 10A166 (HM190186-189) 93.9% (n=99, median 72 hits) [cross-talk D4Z4_4qA:0.131]	0.212	D	candidate: no sinks yet	Number of 10qA-type distal ends (normally 2), the third term of the closure 4qA + 4qB + 10q = 4; flags 4q/10q exchanges.	HPRC r2 typing (10q carried a 4qB distal in 3 of 60 typed members); Xiao 2026 Table S6.	643	0.9051	21.37	GRCh38 chr10:133,761,681-133,775,680 (14 kb from the base after the last unit of chr10 array 2: pLAM with the 10qA signal ATCAAA at 133,761,891 (CHM13 chr10:134,726,542), beta satellite, 10qA subtelomere). Not circular.	GRCh38 primary chr10:133,761,680-133,775,680 and the second 10qA distal copy chr10:133,685,491-133,690,466 (after array 1; also ATCAAA); CHM13 chr10:134,726,331-134,743,331 (ATCAAA). The chr4 4qA and 4qB ends are background for this class.	4909 distinct unit k-mers: 38 repeated within the unit, 0 shared within the group, 4122 in the GRCh38/CHM13 background outside the class's own copies, 0 further removed as shipped-panel k-mers, 749 kept. k-mers shared with other classes of this group (dropped from both): RNU2 2, D4Z4_4qA 8347, D4Z4_4qB 1039. Recall below 50%, kept as exploratory: reads per copy at one-haplotype 30x density: 294 on GRCh38's chr10 end, 276 on CHM13's, 202 and 274 on HG00099's two 10q ends (84 on GRCh38's partial 5-kb second copy), 94% over the pLAM region of 4 GenBank 10A166 records. Cross-talk into D4Z4_4qA: 1.8% of reads from HG00099 hap1's 4q/10q hybrid 10q end and 13% of the short 10A166 GenBank reads, so 4qA/10q calls need the closure check. Its unit shares 8,347 k-mers with D4Z4_4qA (the pLAM/beta-satellite part), all dropped. Its k-mers are the GRCh38 haplotype's differences from every other copy in GRCh38 and CHM13, so they sit in clusters of ~31 around single divergent sites: a read counts only when it covers one, hence the low share of reads from a whole segment.
KIV2	multicopy-genes	multicopy-genes.k31.panel.tsv.gz	positional	1	units/KIV2.fa	5546	3234	GRCh38 array (6 KIV-2 units) 0.68; CHM13 array (23 units) 0.68. Leakage (share of paralog reads the class claims): KIVflank3 0.000, KIVflank5 0.000.	0.689	A	candidate: no sinks yet	Diploid number of LPA kringle IV type 2 repeats (5.5-kb units, about 12-80 per genome); sets apo(a) isoform size and is the main genetic determinant of plasma Lp(a).	DRAGEN-LPA diploid KIV-2 for all 3,202 cohort genomes and allele-specific values for 1,507 (Behera 2024, BMC Med Genomics 17:255, Supp. Tables 2-4; not yet downloaded); it is a read-depth count over the same NYGC reads scaled by an empirical 6.2, so it checks correlation and scale, not integers. KILDA (Molitor 2025) agrees with DRAGEN at R^2 0.92 but per-sample calls are not published. HPRC assemblies (count units per haplotype) and 602 trios.	18033	0.9999	0.95	GRCh38 chr6:160,617,277-160,622,822 extracted with samtools faidx from GRCh38_full_analysis_set_plus_decoy_hla.fa (build.sh, classes.tsv). LPA kringle IV type 2 unit (KIV-2b; GRCh38 carries 6 KIV-2 units at chr6:160,611,722-160,645,006). Gene intervals are UCSC ncbiRefSeqCurated transcript spans; repeat units and duplication blocks come from self-alignment (minimap2) of the checked local sequence, deletion intervals from the SV callsets named.	GRCh38: chr6:160,611,722-160,617,276, chr6:160,617,277-160,622,822, chr6:160,622,823-160,628,366, chr6:160,628,367-160,633,912, chr6:160,633,913-160,639,459, chr6:160,639,460-160,645,006. CHM13: 24 intervals within chr6:161,864,704-161,992,342. (Used only to mask the background; full list in masks/KIV2.*.bed.)	Stage 1: 3,234 of 5,546 unit k-mers kept (2,312 dropped as background, 0 as repeated within the unit). KIV-1/KIV-3/KIV-4 k-mers excluded by construction: only the six KIV-2 units are masked, so the 1.75-kb stretch that KIV-2 shares with KIV-1 and everything shared with KIV-3/4 drops as background; leakage from KIV-1..KIV-10 flanks is 0. Recall 0.68 is uniform over type A and B units and over the 23-unit CHM13 array (a constant factor). No alt or decoy copy exists in GRCh38. Circular unit: junction k-mers between tandem units are included. Expected-loci fetch on HG00096 (planning only, not sinks): 0.94 MB, 0.0060% of the CRAM beyond today's fetch.
C4	multicopy-genes	multicopy-genes.k31.panel.tsv.gz	positional	0	units/C4.fa	20625	14163	1.00 on every copy outside the HERV-K(C4) insertion: GRCh38 primary (C4A, C4B), 7 MHC-alt copies (2 short), CHM13 (2).	0.693	A	candidate: no sinks yet	Total C4 gene copies (C4A + C4B, long and short forms together), per diploid genome (typically 2-6).	Fernando 2010 Southern blot/PRT total C4 and C4A/C4B for 45 CEU members (tabulated in Parascopy source data, Prodanov & Bansal 2022); all 45 are NA-prefixed and not yet counted. HGSVC3 (Logsdon 2025) resolved MHC haplotypes with RCCX structure for ~65 genomes. WGS comparators: Parascopy (2,504), QuicK-mer2, C4Investigator. 602 trios.	6274	0.9971	0.94	GRCh38 chr6:31,982,057-32,002,681 extracted with samtools faidx from GRCh38_full_analysis_set_plus_decoy_hla.fa (build.sh, classes.tsv). C4A gene (RefSeq NM_001252204); unit offsets 2,627-8,994, the HERV-K(C4) insertion, are class HERVC4 and N-masked here. Gene intervals are UCSC ncbiRefSeqCurated transcript spans; repeat units and duplication blocks come from self-alignment (minimap2) of the checked local sequence, deletion intervals from the SV callsets named.	GRCh38: 3 intervals within chr6:31,982,057-32,035,418; 1 intervals within chr6_GL000251v2_alt:3,459,484-3,473,740; 4 intervals within chr6_GL000252v2_alt:3,229,830-3,276,826; 1 intervals within chr6_GL000254v2_alt:3,356,831-3,377,455; 1 intervals within chr6_GL000255v2_alt:3,238,028-3,258,653; 2 intervals within chr6_GL000256v2_alt:3,283,246-3,336,608. CHM13: chr6:31,835,263-31,855,887, chr6:31,868,001-31,888,625. (Used only to mask the background; full list in masks/C4.*.bed.)	Stage 1: 14,163 of 14,198 unit k-mers kept (35 dropped as background, 0 as repeated within the unit). Unit is C4A with the HERV-K(C4) insertion (unit offsets 2,627-8,994) N-masked for the build, so C4 counts gene copies whether long or short; its k-mers in the insertion window are absent and that window has no callable bins. Recall 1.00 on every copy outside the insertion (C4 alone over whole long copies reads 0.69 because the insertion belongs to HERVC4). C4A/C4B isotype is not split (see dropped). Reads also land on five MHC alt haplotypes under ALT-aware bwa (110-2,482 reads per whole alt contig in HG00096), which the scan will show. Expected-loci fetch on HG00096 (planning only, not sinks): 4.04 MB, 0.0259% of the CRAM beyond today's fetch.
HERVC4	multicopy-genes	multicopy-genes.k31.panel.tsv.gz	positional	0	units/HERVC4.fa	6367	5185	1.00 over the insertion of every long C4 copy: GRCh38 primary (2), MHC alts (5), CHM13 (2); the short copies (chr6_GL000251v2_alt, second copy of chr6_GL000252v2_alt) carry none. Leakage (share of paralog reads the class claims): HERVK_elsewhere 0.000.	1.000	B	candidate: no sinks yet	Copies of the 6.4-kb HERV-K(C4) insertion in intron 9 of long C4 genes: the number of long C4 genes (C4L); C4S = C4 - HERVC4.	HGSVC3 MHC haplotypes give C4 long/short per haplotype (Logsdon 2025, Supp. Table 47); Fernando 2010 set via Parascopy gives totals only; trios.	1585	1.0000	0.90	GRCh38 chr6:31,984,684-31,991,050 extracted with samtools faidx from GRCh38_full_analysis_set_plus_decoy_hla.fa (build.sh, classes.tsv). HERV-K(C4) insertion of C4A intron 9 (6,367 bp; absent from short C4 genes, e.g. chr6_GL000251v2_alt). Gene intervals are UCSC ncbiRefSeqCurated transcript spans; repeat units and duplication blocks come from self-alignment (minimap2) of the checked local sequence, deletion intervals from the SV callsets named.	GRCh38: 3 intervals within chr6:31,982,057-32,035,418; 1 intervals within chr6_GL000251v2_alt:3,459,484-3,473,740; 4 intervals within chr6_GL000252v2_alt:3,229,830-3,276,826; 1 intervals within chr6_GL000254v2_alt:3,356,831-3,377,455; 1 intervals within chr6_GL000255v2_alt:3,238,028-3,258,653; 2 intervals within chr6_GL000256v2_alt:3,283,246-3,336,608. CHM13: chr6:31,835,263-31,855,887, chr6:31,868,001-31,888,625. (Used only to mask the background; full list in masks/HERVC4.*.bed.)	Stage 1: 5,185 of 6,272 unit k-mers kept (1,022 dropped as background, 65 as repeated within the unit). Its k-mers are unique to C4: 5,185 of 6,272 survive with every other HERV-K element in both assemblies as background (the other HERV-K(HML-10) copies align at 85-89%); leakage from six such elements is 0. Recall is 1.00 over the insertion in every long copy; short copies carry none. HERV-K sequence is polymorphic elsewhere in human genomes (non-reference insertions), which only a scan can rule in or out: check its placements. Expected-loci fetch on HG00096 (planning only, not sinks): 4.04 MB, 0.0259% of the CRAM beyond today's fetch.
CYP21A2	multicopy-genes	multicopy-genes.k31.panel.tsv.gz	positional	0	units/CYP21A2.fa	3228	744	GRCh38 primary 0.52 (1 copy); GRCh38 alts 0.47-0.52 (5 copies); CHM13 0.45 (1 copy). Leakage (share of paralog reads the class claims): CYP21A1P 0.000.	0.519	B	candidate: no sinks yet	CYP21A2 functional-gene copies (vs the CYP21A1P pseudogene), per diploid genome; deletions and CYP21A1P/CYP21A2 fusions (congenital adrenal hyperplasia alleles) lower it.	DRAGEN 4.2.7 targeted caller output for the cohort (targeted.json cyp21a2 totalCopyNumber, 3,202 genomes; whether it counts the gene alone or gene+pseudogene must be checked before use); HGSVC3 RCCX haplotypes; trios.	522	0.9962	0.46	GRCh38 chr6:32,038,415-32,041,642 extracted with samtools faidx from GRCh38_full_analysis_set_plus_decoy_hla.fa (build.sh, classes.tsv). CYP21A2 gene; CYP21A1P is background. Gene intervals are UCSC ncbiRefSeqCurated transcript spans; repeat units and duplication blocks come from self-alignment (minimap2) of the checked local sequence, deletion intervals from the SV callsets named.	GRCh38: chr6:32,038,415-32,041,642, chr6_GL000251v2_alt:3,476,737-3,479,964, chr6_GL000252v2_alt:3,279,823-3,283,050, chr6_GL000254v2_alt:3,380,452-3,383,675, chr6_GL000255v2_alt:3,261,650-3,264,877, chr6_GL000256v2_alt:3,339,605-3,342,829. CHM13: chr6:31,891,622-31,894,846. (Used only to mask the background; full list in masks/CYP21A2.*.bed.)	Stage 1: 744 of 3,198 unit k-mers kept (2,454 dropped as background, 0 as repeated within the unit). Kept although recall is at the 50% line (0.45-0.52): the class is paralog-specific, CYP21A2 and CYP21A1P are 98.1% identical, and only reads crossing a differing site can carry 4 specific k-mers. Recall is uniform over the 7 copies, so it is a constant efficiency, and leakage from CYP21A1P is 0.000. Expect roughly half the reads of a same-length unique locus; per-window estimates at the estimator's min_kmers=20 will be sparse, a ratio to C4 (same module) is the robust readout. Gene conversions carry CYP21A1P sequence into CYP21A2 and lower its count locally (that is the biology). Expected-loci fetch on HG00096 (planning only, not sinks): 3.57 MB, 0.0228% of the CRAM beyond today's fetch.
AMY1	multicopy-genes	multicopy-genes.k31.panel.tsv.gz	positional	0	units/AMY1.fa	9033	6514	GRCh38 primary 0.98 (3 copies); CHM13 0.98-0.99 (7 copies). Leakage (share of paralog reads the class claims): AMY2Afull 0.000, AMY2Ap 0.000.	0.986	A	candidate: no sinks yet	Diploid salivary amylase AMY1 gene copies (2-20).	Bolognini 2024 per-sample AMY1 for 3,200 cohort genomes (same NYGC reads); HPRC assembly counts (partly circular with pangenome genotyping); trios. Biobank positive control: AMY1 with denture use in UKB (Kamitaki 2026, P=5.9e-35).	6449	0.9994	0.65	GRCh38 chr1:103,655,519-103,664,551 extracted with samtools faidx from GRCh38_full_analysis_set_plus_decoy_hla.fa (build.sh, classes.tsv). AMY1A gene (AMY1A/B/C are 99.9% identical). Gene intervals are UCSC ncbiRefSeqCurated transcript spans; repeat units and duplication blocks come from self-alignment (minimap2) of the checked local sequence, deletion intervals from the SV callsets named.	GRCh38: chr1:103,655,519-103,664,551, chr1:103,687,418-103,696,451, chr1:103,749,657-103,758,689. CHM13: 7 intervals within chr1:103,504,385-103,795,828. (Used only to mask the background; full list in masks/AMY1.*.bed.)	Stage 1: 6,514 of 9,003 unit k-mers kept (2,489 dropped as background, 0 as repeated within the unit). AMY1A/B/C are 99.9% identical and summed. AMY2A/AMY2B (92%) and the AMY2Ap partial copies are background; leakage from AMY2A 0.000. GC 34%: the unit has few 40-60% GC bins for the anchor estimate, so the level rests on the all-window GC curve edge (skeptic's point). Expected-loci fetch on HG00096 (planning only, not sinks): 0.41 MB, 0.0026% of the CRAM beyond today's fetch.
AMY2B	multicopy-genes	multicopy-genes.k31.panel.tsv.gz	positional	0	units/AMY2B.fa	24891	20689	GRCh38 primary 0.98 (1 copy); CHM13 0.98 (1 copy).	0.984	A	candidate: no sinks yet	Diploid AMY2B copies (2-4 common).	1000 Genomes phase-3 Genome STRiP DUP_gs_CNV_1_104102743_104136676 (hg19; independent low-coverage reads; CN3 4.3%, CN4 1.0%); Bolognini 2024.	5822	0.9962	0.34	GRCh38 chr1:103,554,644-103,579,534 extracted with samtools faidx from GRCh38_full_analysis_set_plus_decoy_hla.fa (build.sh, classes.tsv). AMY2B gene. Gene intervals are UCSC ncbiRefSeqCurated transcript spans; repeat units and duplication blocks come from self-alignment (minimap2) of the checked local sequence, deletion intervals from the SV callsets named.	GRCh38: chr1:103,554,644-103,579,534. CHM13: chr1:103,403,587-103,428,477. (Used only to mask the background; full list in masks/AMY2B.*.bed.)	Stage 1: 20,689 of 24,833 unit k-mers kept (4,119 dropped as background, 25 as repeated within the unit). One copy in each assembly. Expected-loci fetch on HG00096 (planning only, not sinks): 0.28 MB, 0.0018% of the CRAM beyond today's fetch.
SMN	multicopy-genes	multicopy-genes.k31.panel.tsv.gz	positional	0	units/SMN.fa	28072	20775	GRCh38 primary 0.97 (2 copies); GRCh38 alts 0.97 (3 copies); CHM13 0.97 (2 copies).	0.973	A	candidate: no sinks yet	Total SMN copies (SMN1 + SMN2), per diploid genome.	DRAGEN SMN caller per sample (smn1CopyNumber + smn2CopyNumber in targeted.json, 3,202 genomes; same reads); trios.	13677	0.9952	1.92	GRCh38 chr5:70,924,941-70,953,012 extracted with samtools faidx from GRCh38_full_analysis_set_plus_decoy_hla.fa (build.sh, classes.tsv). SMN1 gene; every base where GRCh38 SMN2 differs N-masked: k-mers common to SMN1 and SMN2 (total SMN). Gene intervals are UCSC ncbiRefSeqCurated transcript spans; repeat units and duplication blocks come from self-alignment (minimap2) of the checked local sequence, deletion intervals from the SV callsets named.	GRCh38: chr5:70,049,523-70,077,592, chr5:70,924,941-70,953,012, chr5_GL339449v2_alt:457,779-485,846, chr5_KI270897v1_alt:274,862-302,933, chr5_KI270897v1_alt:473,376-501,444. CHM13: chr5:70,809,747-70,837,821, chr5:71,381,729-71,409,801. (Used only to mask the background; full list in masks/SMN.*.bed.)	Stage 1: 20,816 of 27,080 unit k-mers kept (6,089 dropped as background, 175 as repeated within the unit). Unit is SMN1 with every base where GRCh38 SMN2 differs (32 sites) N-masked for the build, so its k-mers are common to SMN1 and SMN2 and disjoint from SMN1's. 41 k-mers that lie between two sites 32-60 bp apart were dropped as shared with the SMN1 build input (they are background for SMN1). Recall 0.97 on all 7 copies (SMN1, SMN2, 3 alts, 2 CHM13). NAIP/SERF1/GTF2H2 duplications of 5q13 are outside the unit. Expected-loci fetch on HG00096 (planning only, not sinks): 1.93 MB, 0.0124% of the CRAM beyond today's fetch.
SMN1	multicopy-genes	multicopy-genes.k31.panel.tsv.gz	positional	0	units/SMN1.fa	28072	332	GRCh38 primary 0.06 (1 copy); GRCh38 alts 0.05 (2 copies); CHM13 0.05 (1 copy) of all reads over the gene; reads over a site: GRCh38 SMN1 0.58, alts 0.31-0.36, CHM13 0.24; reads over c.840: 1.00, 0.93, 1.00. Leakage (share of paralog reads the class claims): SMN2g 0.000, SMN2like_alt_CHM13 0.000.	0.064	A	candidate: no sinks yet	SMN1 copies (the functional gene; 0 in SMA patients, 1 in carriers), read from k-mers that cover SMN1/SMN2 differences, c.840C (chr5:70,951,946, exon 7) first.	DRAGEN SMN caller smn1CopyNumber for 3,202 genomes (same reads); trios. Biobank: SMNCopyNumberCaller on ~490k UKB genomes (Hall 2026).	330	0.9970	0.75	GRCh38 chr5:70,924,941-70,953,012 extracted with samtools faidx from GRCh38_full_analysis_set_plus_decoy_hla.fa (build.sh, classes.tsv). SMN1 gene; only k-mers covering a base where GRCh38 SMN2 differs (32 sites incl. c.840C>T at chr5:70,951,946). Gene intervals are UCSC ncbiRefSeqCurated transcript spans; repeat units and duplication blocks come from self-alignment (minimap2) of the checked local sequence, deletion intervals from the SV callsets named.	GRCh38: chr5:70,924,941-70,953,012, chr5_GL339449v2_alt:457,779-485,846, chr5_KI270897v1_alt:473,376-501,444. CHM13: chr5:71,381,729-71,409,801. (Used only to mask the background; full list in masks/SMN1.*.bed.)	Stage 1: 332 of 775 unit k-mers kept (443 dropped as background, 0 as repeated within the unit). Argued past the 50% rule: whole-gene recall is 5-6% by design, because only reads over one of the 32 differing sites can carry SMN1-specific k-mers; over the sites it is 0.58 (GRCh38 SMN1) and 0.24-0.36 on other SMN1-like haplotypes (their sites differ), and over c.840 it is 0.93-1.00; leakage from SMN2 and SMN2-like copies is 0.000. About 15 reads per copy cross c.840 at 30x, so integer SMN1 needs the ratio SMN1-site reads / SMN reads over the same windows, times total SMN, as in Chen 2020 (the positional estimator's min_kmers=20 per 50-bp bin leaves few usable bins). Several sites are polymorphic through gene conversion (DRAGEN per-site SMN1 ratios vary 1.05-2.60 in HG00096): learn per-site reliability against DRAGEN. Masked copies: SMN1 and the SMN1-like alts chr5_GL339449v2_alt, chr5_KI270897v1_alt:473-501 kb and CHM13 chr5:71.38 Mb (SMN1 allele at c.840); SMN2-like copies are background. Expected-loci fetch on HG00096 (planning only, not sinks): 1.06 MB, 0.0068% of the CRAM beyond today's fetch.
RHD	multicopy-genes	multicopy-genes.k31.panel.tsv.gz	positional	0	units/RHD.fa	57960	16311	GRCh38 primary 0.67 (1 copy); CHM13 0.66 (1 copy). Leakage (share of paralog reads the class claims): RHCE 0.000.	0.666	A	candidate: no sinks yet	RHD copies (0/1/2; RhD-negative = 0), distinguished from RHCE.	DRAGEN rh caller rhdCopyNumber for 3,202 genomes (same reads); 1KGP 30x SV HGSV_2700 (70-kb RHD deletion, AF 0.19); phase-3 SV; trios.	5350	0.9267	0.94	GRCh38 chr1:25,272,486-25,330,445 extracted with samtools faidx from GRCh38_full_analysis_set_plus_decoy_hla.fa (build.sh, classes.tsv). RHD gene; RHCE and the Rhesus boxes are background. Gene intervals are UCSC ncbiRefSeqCurated transcript spans; repeat units and duplication blocks come from self-alignment (minimap2) of the checked local sequence, deletion intervals from the SV callsets named.	GRCh38: chr1:25,272,486-25,330,445. CHM13: chr1:25,108,757-25,166,740. (Used only to mask the background; full list in masks/RHD.*.bed.)	Stage 1: 16,311 of 57,502 unit k-mers kept (40,806 dropped as background, 385 as repeated within the unit). RHCE (98.2%) and both Rhesus boxes are background; recall 0.66-0.67, leakage from the RHCE reference 0.000. That holds for the reference sequences only: gene-converted RHCE alleles carry RHD-derived sequence (RHCE*C carries RHD exon 2), and in the NA12878 30x CRAM 278 of the 4,704 reads with >= 4 RHD k-mers around the two genes (6%; 238 at MAPQ >= 30) were placed at RHCE, spread along the unit. RHD windows are therefore biased upward in carriers of such RHCE alleles: learn each window's reliability from the cohort scans before making 0/1/2 calls. Hybrid RHD-CE-D alleles (DIIIa, DVI) and the African RHD pseudogene (RHDpsi, 37-bp duplication) will show as partial window profiles, not as 0/1 steps. A separate common CNV (HGSV_2702, chr1:25.283-25.289 Mb) lies inside the gene.
HBA	multicopy-genes	multicopy-genes.k31.panel.tsv.gz	positional	0	units/HBA.fa	1900	1861	GRCh38 primary 1.00 (2 copies); CHM13 1.00 (2 copies). Leakage (share of paralog reads the class claims): HBAP1_HBM_HBQ1 0.000.	1.000	A	candidate: no sinks yet	Total alpha-globin gene copies (HBA1 + HBA2; 4 normal, 3 for -alpha3.7/-alpha4.2 carriers, 5-6 for triplications).	DRAGEN hba genotype per sample in targeted.json (3,202 genomes; e.g. -a3.7 carriers); trios.	1178	1.0000	0.26	GRCh38 chr16:171,827-173,726 extracted with samtools faidx from GRCh38_full_analysis_set_plus_decoy_hla.fa (build.sh, classes.tsv). HBA2 homology block (Z box + HBA2), duplicated at HBA1 chr16:175,385-177,538. Gene intervals are UCSC ncbiRefSeqCurated transcript spans; repeat units and duplication blocks come from self-alignment (minimap2) of the checked local sequence, deletion intervals from the SV callsets named.	GRCh38: chr16:171,827-173,726, chr16:175,810-177,537. CHM13: chr16:165,868-167,767, chr16:169,852-171,579. (Used only to mask the background; full list in masks/HBA.*.bed.)	Stage 1: 1,861 of 1,870 unit k-mers kept (9 dropped as background, 0 as repeated within the unit). Unit is the 1.9-kb HBA2 homology block (Z box + HBA2) that HBA1 repeats at 98.4% (the first 179 bp are HBA2-only, so those windows count HBA2 alone). HBAP1, HBM and HBQ1 are background (leakage 0). Short unit: expected about 380 reads per copy at 30x, and 61-64% GC, so the GC model is tested at its upper edge. Expected-loci fetch on HG00096 (planning only, not sinks): 0.46 MB, 0.0029% of the CRAM beyond today's fetch.
GSTM1	multicopy-genes	multicopy-genes.k31.panel.tsv.gz	positional	0	units/GSTM1.fa	5929	3430	GRCh38 primary 0.92 (1 copy). Leakage (share of paralog reads the class claims): GSTM2to5 0.000.	0.918	A	candidate: no sinks yet	GSTM1 copies (0/1/2; the null deletion is ~50% homozygous in Europeans).	1KGP 30x SV HGSV_9692 (GSTM1 deletion, AF 0.43); phase-3 SV; trios.	763	0.9581	0.19	GRCh38 chr1:109,687,817-109,693,745 extracted with samtools faidx from GRCh38_full_analysis_set_plus_decoy_hla.fa (build.sh, classes.tsv). GSTM1 gene; GSTM2/4/5 are background. Gene intervals are UCSC ncbiRefSeqCurated transcript spans; repeat units and duplication blocks come from self-alignment (minimap2) of the checked local sequence, deletion intervals from the SV callsets named.	GRCh38: chr1:109,687,817-109,693,745. CHM13: none. (Used only to mask the background; full list in masks/GSTM1.*.bed.)	Stage 1: 3,430 of 5,899 unit k-mers kept (2,469 dropped as background, 0 as repeated within the unit). Absent from CHM13 (which carries the deletion), so the CHM13 mask is empty; GSTM2/4/5 (below 95%) are background, leakage 0.000. Expected-loci fetch on HG00096 (planning only, not sinks): 0.18 MB, 0.0011% of the CRAM beyond today's fetch. Off-target floor: in NA12878, 32 of the 763 GSTM1 reads (4%) were placed away from the gene, 1-2 per locus, about 0.06 copies. Each such read hits only 4-5 contiguous class k-mers, the signature of one allele at a background locus that differs from the reference by a single substitution and so matches class k-mers. The rna-arrays build removes such k-mers with a one-substitution background filter (recipes/rna-arrays/scripts/neighbors.py); this group's build does not. It matters for 0/1 calls of the null deletion.
GSTT1	multicopy-genes	multicopy-genes.k31.panel.tsv.gz	positional	0	units/GSTT1.fa	8179	6720	GRCh38 alts 0.95 (1 copy); CHM13 0.95 (1 copy).	0.947	A	candidate: no sinks yet	GSTT1 copies (0/1/2; the null deletion is common, 60%+ homozygous in East Asians).	Phase-3 SV genotypes; the existing 1,748 scans already give GSTT1 by alt-contig tallies (CN0 539, CN1 839, CN2 368; 384 of 385 trios Mendelian); 30x SV callset.	2197	0.6541	0.40	GRCh38 chr22_KI270879v1_alt:270,308-278,486 extracted with samtools faidx from GRCh38_full_analysis_set_plus_decoy_hla.fa (build.sh, classes.tsv). GSTT1 gene, only on the alt contig in GRCh38 (primary chr22 carries the deletion). Gene intervals are UCSC ncbiRefSeqCurated transcript spans; repeat units and duplication blocks come from self-alignment (minimap2) of the checked local sequence, deletion intervals from the SV callsets named.	GRCh38: chr22_KI270879v1_alt:270,308-278,486. CHM13: chr22:24,441,300-24,449,468. (Used only to mask the background; full list in masks/GSTT1.*.bed.)	Stage 1: 6,720 of 8,149 unit k-mers kept (1,429 dropped as background, 0 as repeated within the unit). GRCh38 carries GSTT1 only on chr22_KI270879v1_alt (primary chr22 has the deletion). Under ALT-aware bwa only ~20-25% of the reads of the 48-kb alt-specific block stay on the alt, so the sinks of this class must come from scans (they may include primary chr22 and the unmapped bin); a fetch of the alt alone would under-read it. GSTT2/GSTT2B/GSTT4 are background. Expected-loci fetch on HG00096 (planning only, not sinks): 0.33 MB, 0.0021% of the CRAM beyond today's fetch.
UGT2B17	multicopy-genes	multicopy-genes.k31.panel.tsv.gz	positional	0	units/UGT2B17.fa	39150	21945	GRCh38 primary 0.92 (1 copy); CHM13 0.90 (1 copy). Leakage (share of paralog reads the class claims): UGT2B15 0.000.	0.924	A	candidate: no sinks yet	UGT2B17 copies (0/1/2; 116-kb deletion, common in East Asians).	Phase-3 SV genotypes (116-kb deletion); 30x SV callset; trios.	174	0.0000	0.29	GRCh38 chr4:68,537,173-68,576,322 extracted with samtools faidx from GRCh38_full_analysis_set_plus_decoy_hla.fa (build.sh, classes.tsv). UGT2B17 gene; UGT2B15 is background. Gene intervals are UCSC ncbiRefSeqCurated transcript spans; repeat units and duplication blocks come from self-alignment (minimap2) of the checked local sequence, deletion intervals from the SV callsets named.	GRCh38: chr4:68,537,173-68,576,322. CHM13: chr4:71,978,248-72,017,397, chr4:72,000,001-72,017,397. (Used only to mask the background; full list in masks/UGT2B17.*.bed.)	Stage 1: 21,945 of 39,107 unit k-mers kept (17,149 dropped as background, 13 as repeated within the unit). UGT2B15 (93-95%) is background, leakage 0.000; recall 0.90-0.92. Expected-loci fetch on HG00096 (planning only, not sinks): 0.38 MB, 0.0024% of the CRAM beyond today's fetch. Off-target floor: NA12878 is homozygous for the deletion (estimate 0.04) yet had 174 UGT2B17 reads, none at the gene: 35 at chr11:48.53 Mb (unit k-mers 6,301+), 16 at chr18:59.36 Mb (4,372+), 14 at UGT2B15 chr4:68.66 Mb (24,496+), 13 at chr6:66.26 Mb and 9 at chr4:115.95 Mb, about 0.05 copies. Each such read hits only 4-5 contiguous class k-mers, the signature of one allele at a background locus that differs from the reference by a single substitution and so matches class k-mers. The rna-arrays build removes such k-mers with a one-substitution background filter (recipes/rna-arrays/scripts/neighbors.py); this group's build does not. The 0/1 threshold must allow for this floor, and it varies with the person's alleles at those loci.
LCE3BC	multicopy-genes	multicopy-genes.k31.panel.tsv.gz	positional	0	units/LCE3BC.fa	32198	29459	GRCh38 primary 0.99 (1 copy); CHM13 0.99 (1 copy). Leakage (share of paralog reads the class claims): LCE_other 0.000.	0.988	A	candidate: no sinks yet	Copies of the LCE3C_LCE3B segment (0/1/2; the deletion is a psoriasis risk allele).	1KGP 30x SV HGSV_11490 (32.2-kb deletion, AF 0.42, 213 homozygous); phase-3 SV; trios.	3987	0.9814	0.53	GRCh38 chr1:152,583,067-152,615,264 extracted with samtools faidx from GRCh38_full_analysis_set_plus_decoy_hla.fa (build.sh, classes.tsv). LCE3C_LCE3B deletion interval (1KGP 30x SV HGSV_11490). Gene intervals are UCSC ncbiRefSeqCurated transcript spans; repeat units and duplication blocks come from self-alignment (minimap2) of the checked local sequence, deletion intervals from the SV callsets named.	GRCh38: chr1:152,583,067-152,615,264. CHM13: chr1:151,719,620-151,751,818. (Used only to mask the background; full list in masks/LCE3BC.*.bed.)	Stage 1: 29,459 of 32,168 unit k-mers kept (2,709 dropped as background, 0 as repeated within the unit). Unit is the deleted interval itself (HGSV_11490), so every window is 0/1/2. Other LCE genes are background (leakage 0). Expected-loci fetch on HG00096 (planning only, not sinks): 0.32 MB, 0.0021% of the CRAM beyond today's fetch.
APOBEC3B	multicopy-genes	multicopy-genes.k31.panel.tsv.gz	positional	0	units/APOBEC3B.fa	30280	21227	GRCh38 primary 0.94 (1 copy); CHM13 0.94 (1 copy). Leakage (share of paralog reads the class claims): APOBEC3A_side 0.000.	0.944	A	candidate: no sinks yet	Copies of the APOBEC3B deletion segment (0/1/2; the 29.5-kb deletion fuses APOBEC3A to the APOBEC3B 3' UTR; common in East Asians and Oceanians).	Phase-3 SV genotypes; Kidd 2007 population frequencies; trios.	7767	0.9759	0.67	GRCh38 chr22:38,961,990-38,992,269 extracted with samtools faidx from GRCh38_full_analysis_set_plus_decoy_hla.fa (build.sh, classes.tsv). APOBEC3B deletion interval (phase-3 29.5-kb deletion lifted to GRCh38, trimmed 300 bp each side). Gene intervals are UCSC ncbiRefSeqCurated transcript spans; repeat units and duplication blocks come from self-alignment (minimap2) of the checked local sequence, deletion intervals from the SV callsets named.	GRCh38: chr22:38,961,990-38,992,269. CHM13: chr22:39,432,382-39,462,690. (Used only to mask the background; full list in masks/APOBEC3B.*.bed.)	Stage 1: 21,227 of 30,101 unit k-mers kept (8,751 dropped as background, 123 as repeated within the unit). Unit is the lifted phase-3 deletion interval trimmed by 300 bp each side (breakpoints approximate). The APOBEC3A-side homology (96.6%) is background, leakage 0.000. Expected-loci fetch on HG00096 (planning only, not sinks): 0.41 MB, 0.0026% of the CRAM beyond today's fetch. Off-target floor: in NA12878, 187 of the 7,767 APOBEC3B reads (2.4%) were placed away from the deletion segment, most at chr22:38.99-39.09 Mb among the other APOBEC3 genes (70) and 7 at chr6:52.33 Mb, about 0.07 copies. Each such read hits only 4-5 contiguous class k-mers, the signature of one allele at a background locus that differs from the reference by a single substitution and so matches class k-mers. The rna-arrays build removes such k-mers with a one-substitution background filter (recipes/rna-arrays/scripts/neighbors.py); this group's build does not.
HPR	multicopy-genes	multicopy-genes.k31.panel.tsv.gz	positional	0	units/HPR.fa	14020	11287	GRCh38 primary 0.97 (1 copy); CHM13 0.96 (1 copy). Leakage (share of paralog reads the class claims): HPgene 0.000.	0.973	A	candidate: no sinks yet	Haptoglobin-related gene copies (multi-allelic, 1-5+ per haplotype).	Phase-3 Genome STRiP phased haplotype CN (GS vs 30x GATK-SV r = 0.995, 98.5% exact); 30x GATK-SV; trios.	3252	0.9981	0.32	GRCh38 chr16:72,063,226-72,077,245 extracted with samtools faidx from GRCh38_full_analysis_set_plus_decoy_hla.fa (build.sh, classes.tsv). HPR gene; HP is background. Gene intervals are UCSC ncbiRefSeqCurated transcript spans; repeat units and duplication blocks come from self-alignment (minimap2) of the checked local sequence, deletion intervals from the SV callsets named.	GRCh38: chr16:72,063,226-72,077,245. CHM13: chr16:77,879,540-77,893,559. (Used only to mask the background; full list in masks/HPR.*.bed.)	Stage 1: 11,287 of 13,940 unit k-mers kept (2,603 dropped as background, 50 as repeated within the unit). HP (94%) is background; leakage from HP 0.000 (the HP reads it reports under other classes are HPdup's). Recall 0.96-0.97. Expected-loci fetch on HG00096 (planning only, not sinks): 0.28 MB, 0.0018% of the CRAM beyond today's fetch.
HPdup	multicopy-genes	multicopy-genes.k31.panel.tsv.gz	positional	0	units/HPdup.fa	1720	990	GRCh38 primary 0.82-0.84 (2 copies); CHM13 0.83 (1 copy). Leakage (share of paralog reads the class claims): HPRgene 0.000.	0.841	B	candidate: no sinks yet	Copies of the 1.7-kb HP exon 3-4 segment: 1 per Hp1 and 2 per Hp2 allele, so diploid 2 (Hp1-1), 3 (Hp2-1) or 4 (Hp2-2).	No per-sample 1000G truth identified (Boettger 2016 imputed the Hp2 duplication in other cohorts); trio transmission; the 2-3-4 ladder is itself a check.	758	1.0000	0.16	GRCh38 chr16:72,056,411-72,058,130 extracted with samtools faidx from GRCh38_full_analysis_set_plus_decoy_hla.fa (build.sh, classes.tsv). HP exon 3-4 segment duplicated in the Hp2 allele (GRCh38 is Hp2: second copy chr16:72,058,135-72,059,845). Gene intervals are UCSC ncbiRefSeqCurated transcript spans; repeat units and duplication blocks come from self-alignment (minimap2) of the checked local sequence, deletion intervals from the SV callsets named.	GRCh38: chr16:72,056,411-72,058,130, chr16:72,058,135-72,059,845. CHM13: chr16:77,874,440-77,876,159. (Used only to mask the background; full list in masks/HPdup.*.bed.)	Stage 1: 990 of 1,690 unit k-mers kept (700 dropped as background, 0 as repeated within the unit). GRCh38 is Hp2 (two copies, 97.9% to each other) and CHM13 Hp1 (one). HPR's homologous exons are background; leakage from HPR 0.000. Short unit (1,720 bp; about 340 reads per copy at 30x). Circular=0: the Hp2-only junction between the two copies carries no class k-mer. Expected-loci fetch on HG00096 (planning only, not sinks): 0.15 MB, 0.0009% of the CRAM beyond today's fetch.
CCL3L	multicopy-genes	multicopy-genes.k31.panel.tsv.gz	positional	0	units/CCL3L.fa	26000	16464	GRCh38 primary 0.93 (1 copy); GRCh38 alts 0.93-0.94 (4 copies); CHM13 0.92-0.94 (3 copies). Reads tiled from the CCL3/CCL4 block of GRCh38 and CHM13: 0.000 claimed by the class. Real reads from that block are claimed (see caveats).	0.932	A	candidate: no sinks yet	Copies of the CCL3L-CCL4L duplication block (CCL3L1/CCL3L3 with CCL4L1/CCL4L2), per diploid genome (0-10+).	Phase-3 Genome STRiP and 30x GATK-SV (HGSV_216328; r = 0.90, 82% exact between them); trios.	3495	0.8509	1.43	GRCh38 chr17:36,190,001-36,216,000 extracted with samtools faidx from GRCh38_full_analysis_set_plus_decoy_hla.fa (build.sh, classes.tsv). CCL3L3-CCL4L2 duplication block; CCL3/CCL4 (94.5%) are background. Gene intervals are UCSC ncbiRefSeqCurated transcript spans; repeat units and duplication blocks come from self-alignment (minimap2) of the checked local sequence, deletion intervals from the SV callsets named.	GRCh38: chr17:36,190,001-36,200,000, chr17:36,190,001-36,216,000, chr17_KI270857v1_alt:424,905-450,904, chr17_KI270909v1_alt:144,125-170,189, chr17_KI270909v1_alt:232,189-238,115, chr17_KI270909v1_alt:245,702-271,756. CHM13: chr17:37,137,886-37,163,935, chr17:37,349,855-37,355,795, chr17:37,363,396-37,389,416. (Used only to mask the background; full list in masks/CCL3L.*.bed.)	Stage 1: 16,464 of 25,944 unit k-mers kept (9,464 dropped as background, 16 as repeated within the unit). Primary chr17 has one block; extra copies sit on chr17_KI270857v1_alt (1) and chr17_KI270909v1_alt (2), CHM13 has 2 + a partial; ALT-aware bwa puts 0-2 reads on KI270909, so extra copies pile onto primary (scans will say). The CCL3/CCL4 block (94.5%) is background, and no panel k-mer occurs there in GRCh38 or CHM13; reads tiled from those reference sequences give 0.000 leakage. Real reads differ. In one whole-file scan of NA12878 (NYGC 30x CRAM), 491 of the class's 3,495 reads (14%) were placed at the CCL3/CCL4 block (chr17:36.08-36.10 Mb). Read by read, 398 of the 433 reads there with >= 4 class k-mers had MAPQ >= 30 and a median of 17 class k-mers, against 78 for the 2,653 reads at the CCL3L3 block. They cluster at unit offsets 0-6, 12, 16 and 20-24 kb, the gene-conversion pattern seen for RHD/RHCE: the person's CCL3/CCL4 alleles carry CCL3L-like sequence. In NA12878 this adds about 0.3 copies at a copy number of 2, and the amount depends on the CCL3/CCL4 haplotype. Windows at those offsets are therefore inflated in carriers of such alleles; learn each window's reliability from cohort scans before making integer calls. Expected-loci fetch on HG00096 (planning only, not sinks): 0.81 MB, 0.0052% of the CRAM beyond today's fetch.
ORM1	multicopy-genes	multicopy-genes.k31.panel.tsv.gz	positional	0	units/ORM1.fa	4382	1373	GRCh38 primary 0.69 (1 copy); CHM13 0.63 (1 copy). 0.000 of the reads tiled over the ORM2 gene +-1 kb.	0.694	A	candidate: no sinks yet	ORM1 copies (runaway multi-allelic duplication haplotypes).	Phase-3 GS vs 30x GATK-SV r = 0.84 (90% exact); trios.	715	0.9986	0.17	GRCh38 chr9:114,323,098-114,327,479 extracted with samtools faidx from GRCh38_full_analysis_set_plus_decoy_hla.fa (build.sh, classes.tsv): the ORM1 gene (UCSC ncbiRefSeqCurated span) and 1 kb downstream; ORM2 is background. The first build's 1-kb upstream flank is left out (see caveats).	GRCh38: chr9:114,322,098-114,327,479 (the mask; the unit is its last 4,382 bp). CHM13: chr9:126,521,292-126,526,675. (Used only to mask the background; masks/ORM1.*.bed.)	1,373 k-mers kept; ORM2 (97.8% to ORM1 in GRCh38, more divergent in CHM13) is background. The first build (ORM1 +-1 kb) had 355 k-mers in the 1-kb upstream flank that the ORM2 reference lacks but ORM2-locus alleles carry: in the NA12878 30x CRAM, 59 reads with >= 4 ORM1 k-mers were placed at ORM2 (43 at MAPQ >= 30), 58 of them from that flank, which raised those windows by about 30%. Without the flank NA12878 gives 644 reads at ORM1 and 1 at ORM2. Other ORM2 alleles may still carry ORM1 sequence through gene conversion, which reference-only leakage checks cannot see: learn each window's reliability from the cohort scans before making integer calls.
DEFB	multicopy-genes	multicopy-genes.k31.panel.tsv.gz	positional	0	units/DEFB.fa	95000	89172	GRCh38 primary 0.90-0.99 (2 copies); GRCh38 alts 0.90 (1 copy); CHM13 0.99 (3 copies).	0.995	B	candidate: no sinks yet	Diploid copies of the 8p23.1 beta-defensin repeat (DEFB4, DEFB103-107, SPAG11; 2-12), REPD and REPP summed.	No usable per-sample truth (GATK-SV and phase-3 GS split reads between the reference copies: modes 3 and 1 where the literature mode is 4); trio reliability only.	47048	0.9967	2.42	GRCh38 chr8:7,805,001-7,900,000 extracted with samtools faidx from GRCh38_full_analysis_set_plus_decoy_hla.fa (build.sh, classes.tsv). 8p23.1 beta-defensin repeat core in REPP (DEFB107A-DEFB4A); REPD copy at chr8:7.41-7.52 Mb. Gene intervals are UCSC ncbiRefSeqCurated transcript spans; repeat units and duplication blocks come from self-alignment (minimap2) of the checked local sequence, deletion intervals from the SV callsets named.	GRCh38: chr8:7,411,575-7,516,017, chr8:7,805,001-7,900,000, chr8_KI270813v1_alt:94,631-199,120. CHM13: chr8:7,140,561-7,235,577, chr8:7,200,001-7,235,577, chr8:11,950,972-12,045,971, chr8:12,000,001-12,045,971, chr8:12,491,517-12,586,558. (Used only to mask the background; full list in masks/DEFB.*.bed.)	Stage 1: 89,173 of 94,723 unit k-mers kept (5,386 dropped as background, 164 as repeated within the unit). Unit is the 95-kb gene core of REPP (DEFB107A-DEFB4A); REPD, chr8_KI270813v1_alt and three CHM13 copies are co-copies (99.5-99.6%). Recall 0.99 on 95-kb-core copies and 0.90 on the REPD copy, which carries ~9 kb of insertions not in the unit. The 97% chr8:12.09-Mb segmental duplication does not overlap this core. Biology: psoriasis association (Hollox 2008). Expected-loci fetch on HG00096 (planning only, not sinks): 2.25 MB, 0.0144% of the CRAM beyond today's fetch.
FCGR3	multicopy-genes	multicopy-genes.k31.panel.tsv.gz	positional	0	units/FCGR3.fa	7852	7459	GRCh38 primary 0.95-1.00 (2 copies); CHM13 0.95-0.99 (3 copies).	0.999	B	candidate: no sinks yet	FCGR3A + FCGR3B copies together (diploid, usually 4; FCGR3B deletions/duplications).	Phase-3 GS DUP_gs_CNV_1_161570323_161598180 over FCGR3B only (GRCh37, low-coverage reads); the 30x GATK-SV FCGR record is intergenic and not FCGR3B; trios.	3758	0.9984	0.43	GRCh38 chr1:161,623,196-161,631,047 extracted with samtools faidx from GRCh38_full_analysis_set_plus_decoy_hla.fa (build.sh, classes.tsv). FCGR3B gene; FCGR3A (98%) is a co-copy (FCGR3A+B together). Gene intervals are UCSC ncbiRefSeqCurated transcript spans; repeat units and duplication blocks come from self-alignment (minimap2) of the checked local sequence, deletion intervals from the SV callsets named.	GRCh38: chr1:161,541,759-161,549,685, chr1:161,623,196-161,631,047. CHM13: chr1:160,804,385-160,812,311, chr1:160,885,753-160,893,604, chr1:160,967,541-160,975,391. (Used only to mask the background; full list in masks/FCGR3.*.bed.)	Stage 1: 7,459 of 7,820 unit k-mers kept (359 dropped as background, 2 as repeated within the unit). Unit is FCGR3B; FCGR3A (98.1%) is a co-copy, so the class does not separate them (FCGR3A-vs-3B split was judged unreliable). CHM13 carries FCGR3A plus two FCGR3B-like copies. Recall 0.95 on FCGR3A copies, 0.98-1.00 on FCGR3B. Expected-loci fetch on HG00096 (planning only, not sinks): 0.40 MB, 0.0025% of the CRAM beyond today's fetch.
DEFA1A3	multicopy-genes	multicopy-genes.k31.panel.tsv.gz	positional	1	units/DEFA1A3.fa	19117	14944	GRCh38 primary 0.90 (1 copy); CHM13 0.86 (1 copy).	0.889	B	candidate: no sinks yet	Diploid DEFA1/DEFA3 copies in the 19-kb tandem array (4-16+).	FiberFISH on 4 LCLs (Hughes 2020; 2 uncounted: NA19320, NA18533); Hughes 2020 qPCR for 69 and HTS estimates (release unverified); GATK-SV RD_CN; trios.	8308	0.9911	0.55	GRCh38 chr8:6,976,263-6,995,379 extracted with samtools faidx from GRCh38_full_analysis_set_plus_decoy_hla.fa (build.sh, classes.tsv). DEFA1A3 tandem unit (19,117 bp, one period: the unit's first 31-mer recurs at chr8:6,995,380; 2 full + 1 partial unit in GRCh38; the first build's unit ended on that base, so its last base repeated its first). Gene intervals are UCSC ncbiRefSeqCurated transcript spans; repeat units and duplication blocks come from self-alignment (minimap2) of the checked local sequence, deletion intervals from the SV callsets named.	GRCh38: chr8:6,976,263-6,995,380, chr8:6,995,380-7,014,483, chr8:7,014,483-7,022,209. CHM13: chr8:6,730,923-6,750,034, chr8:6,750,034-6,769,151, chr8:6,769,151-6,776,880. (Used only to mask the background; full list in masks/DEFA1A3.*.bed.)	Stage 1: 14,944 of 19,093 unit k-mers kept (4,125 dropped as background, 24 as repeated within the unit). Circular 19,117-bp unit; the reference array is 2 full units plus a 7.7-kb partial (DEFA3), so gene windows sit an additive offset above non-gene windows and per-gene copies need features (skeptic). DEFA1 vs DEFA3 (one base) is not split. Recall 0.86-0.90 over the whole arrays. Expected-loci fetch on HG00096 (planning only, not sinks): 0.92 MB, 0.0059% of the CRAM beyond today's fetch.
NPY4R	multicopy-genes	multicopy-genes.k31.panel.tsv.gz	positional	0	units/NPY4R.fa	118030	109570	GRCh38 primary 0.91-1.00 (3 copies); CHM13 0.91-1.00 (3 copies).	0.996	A	candidate: no sinks yet	Copies of the 118-kb 10q11.22 segmental duplication carrying NPY4R/NPY4R2 (diploid 2-8 in NPY4R terms; reference 4).	Shebanits 2019 ddPCR on 18 cohort members (several in trios); 30x GATK-SV HGSV_147694 (r = 0.82 with ddPCR); phase-3 GS (r = 0.93).	45815	0.9977	2.08	GRCh38 chr10:46,396,229-46,514,258 extracted with samtools faidx from GRCh38_full_analysis_set_plus_decoy_hla.fa (build.sh, classes.tsv). NPY4R segmental duplication copy 1 (inverted copy 2 at chr10:47.87-47.99 Mb holds NPY4R2). Gene intervals are UCSC ncbiRefSeqCurated transcript spans; repeat units and duplication blocks come from self-alignment (minimap2) of the checked local sequence, deletion intervals from the SV callsets named.	GRCh38: chr10:46,396,229-46,514,258, chr10:46,400,001-46,514,258, chr10:47,458,989-47,463,559, chr10:47,870,369-47,988,907. CHM13: chr10:47,282,271-47,400,000, chr10:47,282,271-47,400,333, chr10:48,350,290-48,354,860, chr10:48,719,225-48,837,812, chr10:48,800,001-48,837,812. (Used only to mask the background; full list in masks/NPY4R.*.bed.)	Stage 1: 109,570 of 117,632 unit k-mers kept (7,783 dropped as background, 279 as repeated within the unit). Unit is SD copy 1 (118 kb); copy 2 (inverted, 99.6%) and a 4-kb 99.0% partial at chr10:47.46 Mb are co-copies. CN is not uniform along the SD (nested GATK-SV DUPs), so read the per-window profile; the NPY4R gene core is unit offsets ~50-80 kb. Recall 0.99-1.00. Expected-loci fetch on HG00096 (planning only, not sinks): 2.88 MB, 0.0184% of the CRAM beyond today's fetch.
SULT1A	multicopy-genes	multicopy-genes.k31.panel.tsv.gz	positional	0	units/SULT1A.fa	24822	12724	GRCh38 primary 0.76 (1 copy); CHM13 0.74 (1 copy).	0.757	B	candidate: no sinks yet	Copies of the SULT1A2-SULT1A1 tandem duplicon pair (SULT1A1 CN 0-9; linked to drug sulfation and eGFR).	30x GATK-SV HGSV_207805 (spans both genes); phase-3 GS; UKB exome mCNV-eGFR association (Eisenberg 2026 preprint); Hebbring 2007 activity. Trios.	5149	0.9946	0.56	GRCh38 chr16:28,590,813-28,615,634 extracted with samtools faidx from GRCh38_full_analysis_set_plus_decoy_hla.fa (build.sh, classes.tsv). SULT1A2+SULT1A1 tandem duplicon pair (one class; k-mers shared by the two duplicons occur twice and drop). Gene intervals are UCSC ncbiRefSeqCurated transcript spans; repeat units and duplication blocks come from self-alignment (minimap2) of the checked local sequence, deletion intervals from the SV callsets named.	GRCh38: chr16:28,590,813-28,615,634. CHM13: chr16:28,780,064-28,804,882, chr16:28,800,001-28,804,882. (Used only to mask the background; full list in masks/SULT1A.*.bed.)	Stage 1: 12,724 of 19,591 unit k-mers kept (1,679 dropped as background, 5,188 as repeated within the unit). One class over both duplicons (skeptic's advice): the 5,188 k-mers the two duplicons share occur twice in the unit and drop, capping recall at 0.74-0.76; the per-window profile separates SULT1A2 (offsets 0-11.8 kb) and SULT1A1 (12.7-24.8 kb). SULT1A3/SULT1A4 are background. Expected-loci fetch on HG00096 (planning only, not sinks): 0.39 MB, 0.0025% of the CRAM beyond today's fetch.
RASA4	multicopy-genes	multicopy-genes.k31.panel.tsv.gz	positional	0	units/RASA4.fa	99177	31096	GRCh38 primary 0.59-0.70 (2 copies); CHM13 0.65-0.66 (3 copies). Leakage (share of paralog reads the class claims): RASA4_paralogs 0.000.	0.734	B	candidate: no sinks yet	Diploid copies of the 7q22.1 99-kb tandem unit (RASA4, UPK3BL, SPDYE2, POLR2J2/3; 2-14; T2D and chronotype, Hujoel 2024).	30x GATK-SV HGSV_114537 RD_CN for 3,202 (coarse: probably units/2, already at the trio ceiling); HPRC assemblies; no 1000G call exists for the RASA4 Y731C PSV.	62953	0.9892	5.53	GRCh38 chr7:102,481,215-102,580,391 extracted with samtools faidx from GRCh38_full_analysis_set_plus_decoy_hla.fa (build.sh, classes.tsv). 7q22.1 99-kb SD copy A (RASA4B, UPK3BL2, SPDYE2, POLR2J3); copy B chr7:102,580,392-102,679,452. Gene intervals are UCSC ncbiRefSeqCurated transcript spans; repeat units and duplication blocks come from self-alignment (minimap2) of the checked local sequence, deletion intervals from the SV callsets named.	GRCh38: chr7:102,481,215-102,580,391, chr7:102,580,392-102,600,000, chr7:102,580,392-102,679,452, chr7:102,679,454-102,691,171. CHM13: chr7:103,798,836-103,897,885, chr7:103,897,889-103,991,268, chr7:103,991,277-104,006,136, chr7:104,000,001-104,006,136. (Used only to mask the background; full list in masks/RASA4.*.bed.)	Stage 1: 31,097 of 97,306 unit k-mers kept (64,994 dropped as background, 1,215 as repeated within the unit). The chr7:44-Mb POLR2J4/RASA4CP paralog (98.4%), SPDYE6 (99.4%) and the SPDYE family are background, leaving 31,097 of 97,306 k-mers; recall 0.59-0.70 and haplotype-dependent (copy B and CHM13 copies lower than copy A; CHM13 copy 2 lacks 5.9 kb at unit offset 55.6 kb): per-sample totals can be biased 8-15% by copy-type composition, so anchor to invariant windows (unit offsets 30-50 kb) before any integer claim. Y731C PSV not built. Expected-loci fetch on HG00096 (planning only, not sinks): 3.32 MB, 0.0213% of the CRAM beyond today's fetch.
NOTCH2NL	multicopy-genes	multicopy-genes.k31.panel.tsv.gz	positional	0	units/NOTCH2NL.fa	80157	73895	GRCh38 primary 0.97-0.99 (5 copies); CHM13 0.97-0.99 (5 copies).	0.990	B	candidate: no sinks yet	Total NOTCH2NL-type copies (NOTCH2NLA/B/C/R plus the NOTCH2 5' region, which is fixed at 2): ~10 per diploid genome; 1q21.1 CNVs change it.	Shen & Kidd 2020 Supp. Table S1: QuicK-mer2 per-sample gene copy number for 2,457 1KGP 30x genomes (same reads); ctyper can be re-run; trios.	94688	0.9989	4.57	GRCh38 chr1:146,148,865-146,229,021 extracted with samtools faidx from GRCh38_full_analysis_set_plus_decoy_hla.fa (build.sh, classes.tsv). NOTCH2NLA gene; NOTCH2NLB/C/R and the NOTCH2 5' region are co-copies. Gene intervals are UCSC ncbiRefSeqCurated transcript spans; repeat units and duplication blocks come from self-alignment (minimap2) of the checked local sequence, deletion intervals from the SV callsets named.	GRCh38: chr1:119,989,248-120,069,647, chr1:120,000,018-120,069,647, chr1:120,723,928-120,801,498, chr1:146,148,865-146,229,021, chr1:148,599,807-148,679,763, chr1:149,390,602-149,471,833. CHM13: chr1:120,002,517-120,082,908, chr1:120,737,147-120,814,741, chr1:145,265,708-145,345,897, chr1:146,108,525-146,188,727, chr1:148,519,495-148,600,715. (Used only to mask the background; full list in masks/NOTCH2NL.*.bed.)	Stage 1: 73,895 of 80,009 unit k-mers kept (6,035 dropped as background, 79 as repeated within the unit). All paralogs including NOTCH2 5' are co-copies (99.2-100%), so the class is a pooled total with NOTCH2 as a fixed internal 2 (steps ~10%). Recall 0.98-0.99. Reads were captured identically by NYGC bwa and DRAGEN in NA12878 (46,606 vs 46,604 with an earlier panel). Expected-loci fetch on HG00096 (planning only, not sinks): 4.27 MB, 0.0273% of the CRAM beyond today's fetch.
TBC1D3	multicopy-genes	multicopy-genes.k31.panel.tsv.gz	positional	0	units/TBC1D3.fa	10954	2535	GRCh38 primary 0.52-0.76 (11 copies); GRCh38 alts 0.54-0.66 (10 copies); CHM13 0.54-0.64 (9 copies). Leakage (share of paralog reads the class claims): TBC1D3P1_P2 0.000.	0.762	C	candidate: no sinks yet	Total 17q12 TBC1D3 paralog copies (hominoid-specific, highly copy-variable).	Shen & Kidd 2020 per-sample gene CN (same reads); HPRC assemblies; trios.	13454	0.9899	10.43	GRCh38 chr17:36,165,683-36,176,636 extracted with samtools faidx from GRCh38_full_analysis_set_plus_decoy_hla.fa (build.sh, classes.tsv). TBC1D3B gene; the 17q12 TBC1D3 paralogs are co-copies, the 17q23 pseudogenes background. Gene intervals are UCSC ncbiRefSeqCurated transcript spans; repeat units and duplication blocks come from self-alignment (minimap2) of the checked local sequence, deletion intervals from the SV callsets named.	GRCh38: 11 intervals within chr17:36,165,683-38,192,601; 7 intervals within chr17_KI270857v1_alt:400,591-2,227,732; 3 intervals within chr17_KI270909v1_alt:119,786-320,314. CHM13: 9 intervals within chr17:37,113,575-39,055,671. (Used only to mask the background; full list in masks/TBC1D3.*.bed.)	Stage 1: 2,535 of 10,924 unit k-mers kept (8,389 dropped as background, 0 as repeated within the unit). Paralogs 99.3-99.7% are co-copies; the 17q23 TBC1D3P1/P2 (98%) and a 97.3% partial are background, which leaves 2,535 of 10,924 k-mers and a copy-dependent recall (0.76 on the unit's own TBC1D3B, 0.52-0.66 on the others): a change in paralog composition reads as a change in copies. A pooled class built from several paralogs would need a different design (the builder keeps k-mers seen once per unit). Treat as exploratory until calibrated on assemblies. Expected-loci fetch on HG00096 (planning only, not sinks): 7.37 MB, 0.0472% of the CRAM beyond today's fetch.
TSPY	sex-chromosome-arrays	sex-chromosome-arrays.k31.panel.tsv.gz	positional	1	units/TSPY.fa	20308	16690	GRCh38 0.953 (array either side of the 50-kb gap 0.963/0.946, TSPY2 unit at chrY:6.25 Mb 0.952); CHM13 0.965 (45-unit array chrY:8.94-9.86 Mb), CHM13 TSPY2 unit 0.954; median 85-94 k-mers per read; estimator-usable 96% of the unit. No other haplotype available locally; GRCh38 has no chrY alts.	0.975	A	candidate: no sinks yet	TSPY array units per Y plus the one TSPY2 unit (subtract 1 for array units); continuous copy number (about 20-60 units), about 2,000 fragment ends per unit in a 30x male.	Hallast 2023 (Nature 621:355) TSPY array sizes for 43 assembled 1000 Genomes males (Tables S15-S18; HG00731, HG02492, HG03009, HG02554, HG02953 among the 1,748 counted); Hallast 2026 preprint (142 Y assemblies). Teitz 2018 does NOT call TSPY. Y-linked: father-to-son transmission (203 counted pairs, parents and children in different release batches) and females as an expected zero.	12	-	-	GRCh38 analysis set chrY:9462691-9482998 (samtools faidx), one 20,308-bp unit of the TSPY array (holds TSPY1): the unit's first 31-mer recurs at chrY:9,482,999, and all 30 31-mers across the circular join occur in the GRCh38 and CHM13 arrays. The array's periods vary (20,262-20,329 bp; 20,329 at the array start, chrY:9,333,198); the first build used 20,329 bp here, so its last 21 bp repeated its first.	GRCh38 chrY:9,333,700-9,404,713 and 9,452,713-9,547,281 (array; 50-kb N gap between), chrY:6,244,959-6,267,782 (the single TSPY2 unit in distal IR3); no alt/decoy copy. CHM13 chrY:8,939,863-9,855,975 and 10,205,690-10,228,512. Diverged partial units at the distal array end (GRCh38 chrY:9.547-9.562, CHM13 9.856-9.871 Mb) and TSPY fragments at GRCh38 chrY:9.908 / CHM13 5.926 Mb are left unmasked, so k-mers shared with them are removed.	Unit from the GRCh38 Y (unit lengths in the array vary by up to 67 bp); 23% of the unit is interspersed repeat (removed as background), blind windows follow. Counting TSPY2 with the array is deliberate: without it only 3,096 array-specific k-mers survive (recall 0.52). Sinks unknown until scans with the panel loaded are placed (reads expected at MAPQ 0 on the array and the TSPY2 locus); nothing here assumes they are there.
RBMY	sex-chromosome-arrays	sex-chromosome-arrays.k31.panel.tsv.gz	positional	0	units/RBMY.fa	14448	8661	GRCh38 0.951 (7 copies: 6 full RBMY1 genes 0.939-0.961 and one partial copy at chrY:21.49 Mb 0.977); CHM13 0.948 (7 copies 0.933-0.977); median 59-76 k-mers; estimator-usable 92%.	0.962	B	candidate: no sinks yet	RBMY1 gene copies per Y (6 full + 1 partial in both references).	No per-sample table (Teitz 2018 drops RBMY); counts could be read from HPRC/HGSVC Y assemblies. Y-linked: father-to-son transmission (203 counted pairs, parents and children in different release batches) and females as an expected zero.	47	0.0000	-	GRCh38 chrY:21534879-21549326, RBMY1A1 gene (UCSC hg38 ncbiRefSeqCurated txStart-txEnd), samtools faidx	GRCh38 chrY:21.49-22.42 Mb, 7 loci (RBMY1B, A1, D, E, F, J and a partial copy); CHM13 chrY:22.37-23.25 Mb, 7 loci. RBMY2 pseudogenes (RBMY2EP, RBMY2FP) and RBMY-like fragments inside the TSPY array (RBMY1A3P, RBMY3AP) are not masked: k-mers shared with them are removed.	Unit from one gene; copies differ by up to 0.6%. RBMX (X homolog) and autosomal RBMXL genes are too diverged to share 31-mers. Sinks to be learned from scans. Off-target floor: NA12878, a woman, had 47 RBMY reads, all on other chromosomes (14 at chrX:1.37 Mb, 11 at chr1:147.18 Mb, the rest 1-4 per locus), about 0.03 of one RBMY1 copy. Female scans give the floor per locus.
DAZ	sex-chromosome-arrays	sex-chromosome-arrays.k31.panel.tsv.gz	positional	0	units/DAZ.fa	69740	23072	GRCh38 0.586 (DAZ1 0.469, DAZ2 0.633, DAZ3 0.697, DAZ4 0.576); CHM13 0.576 (four copies 0.465-0.661). Reads from the internal DAZ-repeat blocks carry no k-mers (15,939 k-mers occur more than once in the unit and a positional class keeps single-copy k-mers only); estimator-usable 43% of the unit (0-12, 21-24, 34-38 and 66-70 kb). Kept: the per-window estimate uses only the usable windows, where it is exact.	0.471	A	candidate: no sinks yet	DAZ gene copies per Y (4 in both references); gr/gr and b2/b3 deletions remove two. Not the DAZ-repeat number inside each gene (blind).	Teitz 2018 Table S4 integer states of the AZFc amplicons holding DAZ (P1/P2 palindrome arms) for 1,216 1KGP males (DAZ itself not called); Choi 2026 medRxiv gr/gr calls in 1KGP 30x (47/1,194). Y-linked: father-to-son transmission (203 counted pairs, parents and children in different release batches) and females as an expected zero.	109	0.0092	0.27	GRCh38 chrY:23129355-23199094, DAZ1 gene (RefSeq txStart-txEnd), samtools faidx	GRCh38 chrY:23.13-23.29 Mb (DAZ1, DAZ2) and 24.76-24.91 Mb (DAZ3, DAZ4); CHM13 chrY:23.96-24.10 and 25.57-25.72 Mb. DAZL (chr3) is not masked: shared k-mers removed as background.	DAZ1 has the most internal repeats; copies differ in structure, so window copy numbers vary along the unit (use the median or clean windows). Teitz calls are short-read calls, a concordance benchmark rather than orthogonal truth. Off-target floor: NA12878, a woman, had 109 DAZ reads, 108 of them on other chromosomes: 33 at chr8:64.10 Mb (unit k-mers 15,665+), the rest 1-2 per locus; about 0.03 of one DAZ copy (~4,000 reads per copy at 30x). Each such read hits only 4-5 contiguous class k-mers, the signature of one allele at a background locus that differs from the reference by a single substitution and so matches class k-mers. The rna-arrays build removes such k-mers with a one-substitution background filter (recipes/rna-arrays/scripts/neighbors.py); this group's build does not. Female scans give the floor per locus.
BPY2	sex-chromosome-arrays	sex-chromosome-arrays.k31.panel.tsv.gz	positional	0	units/BPY2.fa	21203	20189	1.000 on all three copies in both assemblies (median 119 k-mers); estimator-usable 99%.	1.000	A	candidate: no sinks yet	BPY2 copies per Y (3 in the references).	Teitz 2018 Table S4 states of the green amplicons (g1-g3) for 1,216 1KGP males; Choi 2026 gr/gr calls. Y-linked: father-to-son transmission (203 counted pairs, parents and children in different release batches) and females as an expected zero.	1	-	-	GRCh38 chrY:22984263-23005465, BPY2 gene (RefSeq), samtools faidx	GRCh38 chrY:22.98, 24.62, 25.03 Mb (BPY2, BPY2B, BPY2C; green amplicons); CHM13 chrY:23.82, 24.22, 25.84 Mb. A partial BPY2-like segment at GRCh38 chrY:7.93 / CHM13 7.59 Mb is not masked.	About 5% of reads tiled over each BPY2 copy also carry shipped bSat k-mers (a beta-satellite piece inside the gene). BPY2 shares no k-mer with bSat and positional classes are counted independently of compositional ones, so bSat is unchanged (gate); those reads already count as bSat today.
CDY1	sex-chromosome-arrays	sex-chromosome-arrays.k31.panel.tsv.gz	positional	0	units/CDY1.fa	2786	802	0.801 on both CDY1 copies (CDY1, CDY1B) in GRCh38 and in CHM13 (median 31); 0.000 of the reads tiled over the whole CDY2 mask intervals (both CDY2 loci with their flanks) in both assemblies. Estimator-usable 70%.	0.801	B	candidate: no sinks yet	CDY1 copies per Y (2 in the references); CDY1 deletions accompany some gr/gr deletions.	Teitz 2018 amplicon states for the arms that hold CDY1 (1,216 1KGP males). Y-linked: father-to-son transmission (203 counted pairs, parents and children in different release batches) and females as an expected zero.	0	-	-	GRCh38 chrY:25622117-25624902, CDY1 gene (RefSeq), samtools faidx	GRCh38 chrY:24,045,265-24,048,014 and 25,622,117-25,624,866; CHM13 chrY:24.81 and 26.43 Mb. The class is built with only these loci masked, so the CDY2 loci (98.8% identical) are background.	Built from its own copies only (recipes/sex-chromosome-arrays/masks/*.own_copies.bed). With the CDY1 and CDY2 loci masked together, the first build kept 20 k-mers at CDY1 unit 2720-2750 that also occur at both CDY2 loci, about 30 bp outside the CDY2 unit, and CDY1 took about 6.5% of each CDY2 copy's reads. They are now background: 802 k-mers. Lost 1,906 k-mers shared with CDY2 and 48 to the background (autosomal CDYL/CDYL2 and the CDY2-locus flanks). Diagnostic k-mers rest on two references whose CDY copies are identical; gene conversion between CDY1 and CDY2 in other Ys would move them. Small unit: about 280 fragment ends per copy in a 30x male.
CDY2	sex-chromosome-arrays	sex-chromosome-arrays.k31.panel.tsv.gz	positional	0	units/CDY2.fa	2773	837	0.798-0.802 on both CDY2 copies (CDY2A, CDY2B) in GRCh38 and CHM13 (median 31); 0.000 of the reads tiled over the whole CDY1 mask intervals. Estimator-usable 70%.	0.798	B	candidate: no sinks yet	CDY2 copies per Y (2 in the references; P5 arm dosage).	Teitz 2018 P5 palindrome states (1,216 1KGP males). Y-linked: father-to-son transmission (203 counted pairs, parents and children in different release batches) and females as an expected zero.	0	-	-	GRCh38 chrY:18025789-18028561, the CDY2A locus span homologous to the CDY1 unit (CDY1 unit chunks mapped with minimap2 asm20 at 98.8%), samtools faidx	GRCh38 chrY:17.88 and 18.03 Mb (P5 palindrome arms); CHM13 chrY:18.78 and 18.93 Mb. The class is built with only these loci masked, so the CDY1 loci are background.	Built from its own copies only, like CDY1 (its k-mers did not change: 837). Lost the 1,906 k-mers shared with CDY1 (a first unit of the CDY2A gene alone, 1,960 bp, left CDY1 with k-mers that also occur at the CDY2 loci; the homologous span fixes that). Same gene-conversion caveat as CDY1.
DYZ19	sex-chromosome-arrays	sex-chromosome-arrays.k31.panel.tsv.gz	compositional	0	units/DYZ19.fa	265060	3223	CHM13 array 0.946 (median 31); GRCh38 0.936: chrY 0.933 and 0.967 either side of the gap, chrY_KI270740v1_random 0.888, the 11 hs38d1 DYZ19 decoys 0.717-1.000. No read tiled over any copy carries a shipped k-mer, so DYZ19 cannot make a shipped compositional read ambiguous.	0.955	A	candidate: no sinks yet	DYZ19 array mass per Y (Mb; 63.5-428 kb in Hallast 2023).	Hallast 2023 per-sample DYZ19 array sizes for 43 assembled 1000 Genomes Ys (Tables S14-S16, not yet downloaded; HG02492 carries a ~200-kb deletion, his father HG02490 the same Y). Y-linked: father-to-son transmission (203 counted pairs, parents and children in different release batches) and females as an expected zero.	3	-	-	CHM13v2.0 chrY:20961204-21226263, CenSat v2.1 censat_Y_59(DYZ19_125bp_LTR12Bfrag), 265,060 bp, samtools faidx; k-mers seen >= 10 times in the array (min_count 10, as the shipped satellites)	GRCh38 chrY:20,053,678-20,352,049 (collapsed, 50-kb gap), chrY_KI270740v1_random (37 kb, all DYZ19) and 11 hs38d1 decoys (JTFH01001456/1461/1469/1480/1511/1517/1575/1659/1676/1718/1725; they received 0 reads in all 1,748 real scans); CHM13 chrY:20.96-21.23 Mb. A twelfth decoy, chrUn_JTFH01001423v1_decoy (1,605 bp), is DYZ19-like at 89% identity but only 513 of its 1,406 distinct 31-mers (36%) are in the CHM13 array, against 89-100% for the eleven: it is left as background, so the class k-mers it holds are dropped. Not in the shipped satellite panel (its families are HSat1A/1B/2/3, bSat, aSatHOR, ACRO, SST1, CER, SATR; 0 shared k-mers).	Built from one Y (HG002, hg J1); recall on other haplogroups unmeasured. The unit is an LTR12B fragment: false hits from polymorphic LTR12 elements in women can only be seen in real scans. Compositional, so it competes winner-takes-all with the satellite families; the gate shows no change. The existing KI270740 per-contig tally is a heritable proxy but misses the HG02492 deletion, so this class needs its own counting.
OPN1	sex-chromosome-arrays	sex-chromosome-arrays.k31.panel.tsv.gz	positional	1	units/OPN1.fa	37138	30816	GRCh38 4-unit array 0.950 (0.960 counting OPN1LW/OPN1MW); CHM13 3-unit array 0.946 (0.957); median 120 k-mers; estimator-usable 94%.	0.964	A	candidate: no sinks yet	Opsin array units (LW + MW genes) per X; males integer 1-6, females the sum of two arrays.	Anderson 2026 medRxiv: targeted ONT assembly OPN1LW/OPN1MW copy numbers for 206 1kGP samples with ddPCR (Supplemental Tables 2-3, not downloaded; overlap with the counted genomes unknown); HPRC/HGSVC assemblies. X-linked trio design: males hemizygous, father-to-daughter obligatory, father-to-son absent (a built-in null), sons carry one maternal X.	27048	0.9960	0.84	GRCh38 chrX:154182596-154219733 (OPN1MW gene start to the base before the next unit, 37,138 bp: the unit's first 31-mer recurs at chrX:154,219,734, 21 bp before the OPN1MW2 gene start; samtools faidx), with OPN1MW exon 5 +-300 bp (unit 10513-11352) set to N in the panel build so that exon-5 reads go to OPN1LW/OPN1MW. All 30 31-mers across the circular join occur in the GRCh38 and CHM13 arrays; the first build's 37,160-bp unit repeated its first 22 bp at its end.	GRCh38 chrX:154,143,201-154,295,017 (OPN1LW, OPN1MW, OPN1MW2, OPN1MW3, TEX28); CHM13 chrX:152,416,854-152,531,532 (3 units). No alt, decoy or other copy (a unit fragment at GRCh38 chrX:153.74 / CHM13 152.01 Mb is left unmasked).	The MW-derived unit lacks the 1,283-bp LW-only intron-1 insertion, so an LW unit yields about 3.4% fewer reads (use windows, or the exon-5 counts, for composition). Gene order and expressed positions need long reads.
OPN1LW	sex-chromosome-arrays	sex-chromosome-arrays.k31.panel.tsv.gz	positional	0	units/OPN1LW.fa	840	161	Over the whole LW gene +-500 bp, 0.026 of tiled reads (41 of 1,565) in GRCh38 and in CHM13, all of them over exon 5 (0.641 of the reads overlapping exon 5, median 31); 0.000 over the whole of each MW gene +-500 bp (3 in GRCh38, 2 in CHM13). Estimator-usable 39% of the 840 bp.	0.540	C	candidate: no sinks yet	Copies of LW-type exon 5 per X (13 LW/MW differences in the 840 bp, 11 of them in exon 5).	Anderson 2026 per-sample OPN1LW copy numbers (ONT + ddPCR, 206 1kGP). X-linked trio design: males hemizygous, father-to-daughter obligatory, father-to-son absent (a built-in null), sons carry one maternal X.	119	1.0000	0.26	GRCh38 chrX:154155994-154156833, OPN1LW exon 5 +-300 bp, samtools faidx; built together with OPN1MW so every k-mer the two share (618) drops, leaving the LW-diagnostic ones	The exon-5 +-300 bp window of the LW gene: GRCh38 chrX:154,155,994-154,156,833; CHM13 chrX:152,429,647-152,430,486. The class is built with only this window masked (padded 500 bp), so any k-mer that also occurs in an MW gene or elsewhere in the opsin array is background.	Built from its own copies only (recipes/sex-chromosome-arrays/masks/*.own_copies.bed). The first build masked the whole opsin array for every class and kept 31 k-mers at unit 778-808, in the intron after exon 5, that also occur in OPN1MW2 and OPN1MW3 (and in CHM13's second MW gene): OPN1LW then counted MW2/MW3 reads (NA12878 30x: 39 reads at MW2/MW3 besides 121 at LW). Now 161 k-mers, all at unit 345-714 and present in both LW copies; NA12878 gives 102 reads, all at the LW gene. About 30-40 fragment ends per copy in a 30x male: about +-16% per copy. Types exon 5 only; hybrid genes are typed by their exon 5.
OPN1MW	sex-chromosome-arrays	sex-chromosome-arrays.k31.panel.tsv.gz	positional	0	units/OPN1MW.fa	840	130	0.026-0.028 of tiled reads over each whole MW gene +-500 bp (3 in GRCh38, 2 in CHM13; 39-40 reads per copy), all of them over exon 5 (0.641 of the reads overlapping exon 5); 0.000 over the whole LW gene +-500 bp. Estimator-usable 39%.	0.540	C	candidate: no sinks yet	Copies of MW-type exon 5 per X.	Anderson 2026 per-sample OPN1MW copy numbers (ONT + ddPCR, 206 1kGP). X-linked trio design: males hemizygous, father-to-daughter obligatory, father-to-son absent (a built-in null), sons carry one maternal X.	202	1.0000	0.63	GRCh38 chrX:154193108-154193947, OPN1MW exon 5 +-300 bp, samtools faidx (see OPN1LW)	The exon-5 +-300 bp windows of the MW genes: GRCh38 chrX:154,193,108-154,193,947 (OPN1MW), 154,230,248-154,231,087 (OPN1MW2) and 154,268,052-154,268,891 (OPN1MW3); CHM13 chrX:152,466,770-152,467,609 and 152,503,886-152,504,725. The class is built with only these windows masked (padded 500 bp).	Built from its own copies only, and keeps only k-mers that occur once in every one of the five MW windows (keep BED from tools/core_keep.py): 62 of the first build's 192 k-mers were in OPN1MW but not in OPN1MW2/MW3, so the copies differed in yield. Now 130 k-mers. NA12878 30x: 194 reads, all at MW genes (91 at OPN1MW, 62 at OPN1MW2, 41 at OPN1MW3, the last two at MAPQ 0), against 102 for OPN1LW. Otherwise as OPN1LW.
GAGE	sex-chromosome-arrays	sex-chromosome-arrays.k31.panel.tsv.gz	positional	1	units/GAGE.fa	9556	7590	GRCh38 0.948 (0.933 and 0.954 either side of the 180-kb N gap); CHM13 0.941 (contiguous array of about 20 units); median 72-101 k-mers; estimator-usable 96%.	0.974	B	candidate: no sinks yet	GAGE array units per X (GRCh38 ~11, CHM13 ~20, measured 19-32 per X in five NYGC genomes).	Brahmachary 2014 Table S2: Nanostring GAGE6 probe counts for 165 HapMap LCLs (158 in the cohort, none among the 1,748 counted; relative counts, not copy numbers); Porubsky 2025 CEPH 1463 assemblies (NA12878 family); HPRC assemblies. X-linked trio design: males hemizygous, father-to-daughter obligatory, father-to-son absent (a built-in null), sons carry one maternal X.	46263	0.9989	1.10	GRCh38 chrX:49532177-49541732, one GAGE array unit (GAGE12C gene start to GAGE12D gene start, 9,556 bp), samtools faidx	GRCh38 chrX:49,316,517-49,349,394 and 49,527,394-49,605,020 (gapped and partly collapsed); CHM13 chrX:48,728,360-48,920,848. The divergent edge gene GAGE10 is not masked (k-mers shared with it removed).	Unit-to-unit divergence up to ~4% (recall ~0.94); the unit length and Lucotte 2018 GAGE counts (6-24) disagree with the assessment's 19-32 per X, to reconcile before integer claims.
CT45	sex-chromosome-arrays	sex-chromosome-arrays.k31.panel.tsv.gz	positional	1	units/CT45.fa	17252	10976	GRCh38 0.892 (main array 0.897, the CT45A1 partial copy 0.749); CHM13 0.878 (0.869/0.880); median 64-78 k-mers; estimator-usable 86%.	0.917	B	candidate: no sinks yet	CT45 array units per X (GRCh38 ~9 genes CT45A1-A10).	Brahmachary 2014 Nanostring CT45 probe counts (158 HapMap cohort members, relative); assemblies. X-linked trio design: males hemizygous, father-to-daughter obligatory, father-to-son absent (a built-in null), sons carry one maternal X.	21434	0.9975	0.84	GRCh38 chrX:135829229-135846480, one CT45 array unit (CT45A7 gene start to the base before the next unit, 17,252 bp: the unit's first 31-mer recurs at chrX:135,846,481; units in the array are 17,252-17,287 bp apart, genes 15.8-18.8 kb), samtools faidx. All 30 31-mers across the circular join occur in the GRCh38 and CHM13 arrays; the first build's 17,268-bp unit repeated its first 16 bp at its end.	GRCh38 chrX:135,717,236-135,724,244 and 135,759,140-135,890,428; CHM13 chrX:134,042,789-134,067,063 and 134,102,096-134,198,765. A partial copy at GRCh38 chrX:135.946 / CHM13 134.254 Mb is not masked.	Unit length is ambiguous in the literature (Lucotte 8,346-bp CT45A5 region); report units of 17.3 kb or kb per X.
SPANXB	sex-chromosome-arrays	sex-chromosome-arrays.k31.panel.tsv.gz	positional	0	units/SPANXB.fa	16438	3199	GRCh38 0.527 (median 7), CHM13 0.427 (median 0); 0.000 of reads tiled from the SPANXA1/A2, SPANXC and SPANXD reference loci in both assemblies (real reads differ: see caveats). Kept despite CHM13 < 50%: only SPANXB-specific k-mers survive (13,058 of 16,266 are shared with SPANXA/C/D or the 99.8% segmental duplicate at chrX:141.51-141.57 Mb), and the positional estimator uses only windows where a read holds >= 20 of them (42% of the unit, mostly unit 0-11 kb), where the count is SPANXB alone.	0.514	D	candidate: no sinks yet	SPANXB copies per X (the variable SPANX member).	No per-sample 1000G truth (Brahmachary probes SPANXA1, Lucotte 2018 is SGDP); assemblies only. X-linked trio design: males hemizygous, father-to-daughter obligatory, father-to-son absent (a built-in null), sons carry one maternal X.	2410	0.9207	1.01	GRCh38 chrX:140994932-141011369, SPANXB1 +-8.2 kb (16,438 bp, the SPANXB1 CNV-unit length of Lucotte 2018; breakpoints not known, GRCh38 and CHM13 carry one copy), samtools faidx	GRCh38 chrX:140,993,931-141,011,931; CHM13 chrX:139,311,243-139,329,246. SPANXA1/A2/C/D (96-98% identical) deliberately not masked.	Diagnostic k-mers from two references only; gene conversion among SPANX paralogs could move them. CHM13 recall lower than GRCh38 (haplotype variants in a sparse class). Earlier fetch work saw SPANX placements shift 4-13% between bwa and DRAGEN. Measured paralog placement: in one whole-file NA12878 scan, 191 of 2,410 SPANXB reads (7.9%) were placed outside the SPANXB copy, 78 at SPANXC (chrX:141.23-141.25 Mb) and about 89 at SPANXA1/A2 (chrX:141.57-141.59 Mb). A SPANXB-like segment (95% of unit k-mers contained) lies at chrX:141,576,021-141,598,394 in the SPANXA region and is left unmasked by design. The class therefore reads SPANXB-type sequence, part of it from paralog alleles, not SPANXB copies alone; per-window reliability must be learned from cohort scans before it is promoted.
TDNA1Q23	rna-arrays	rna-arrays.k31.panel.tsv.gz	positional	1	units/TDNA1Q23.fa	7380	6304	150-bp reads tiled every 10 bp. CHM13 array (21.4 units): 0.998. GRCh38 array (4.4 units): 0.990. Median 106-110 panel k-mers per read. There is no GRCh38 alt or decoy copy. Other haplotypes were not re-measured here; an earlier assessment, using the exact-filtered panel, found panel k-mer counts linear in unit counts across 278 HPRC r2 haplotypes (r=0.9996). No simulated read is assigned to another class.	1.000	A	candidate: no sinks yet	Diploid number of 7,380-bp tDNA units at 1q23.3, i.e. the dosage of five tRNA isodecoder families carried on the array. Output is a per-10-bp unit profile.	HPRC release-2 assemblies span the array in 278 of 280 haplotypes of 139 cohort members that are already counted: 5.4-40.4 units per haplotype, 17.9-57.9 diploid. 97 of them are 1000G trio children with pat/mat-phased assemblies, and both parents of each are scanned, so the transmitted allele sizes are known. Darrow & Chadwick 2014 (PMID 24753417) report 9-43 units per allele and instability in CEPH1331; for CEPH1345 (all six members are in the 3,202) sizes are shown only on a gel.	40377	0.9998	1.54	GRCh38 analysis set chr1:161,447,001-161,454,380 (+), 7,380 bp, extracted with samtools faidx. This is one unit of the 1q23.3 tDNA macrosatellite. It starts 227 bp before tRNA-Glu-CTC-1-2 and holds five tRNA genes: Glu-CTC, Gly-TCC, Asp-GTC, Leu-CAG and Gly-GCC (checked against the UCSC hg38 tRNAs track). minimap2 asm20 of the unit places 4.43 units at GRCh38 chr1:161,440,059-161,472,827 and 21.43 units at CHM13 chr1:160,577,131-160,735,448. These coordinates are in copies/copies.tsv, and every build re-derives them with scripts/locate.py.	GRCh38: chr1:161,440,059-161,472,827 only, masked with 1 kb padding. No alt, decoy or random copy. CHM13: chr1:160,577,131-160,735,448, masked with 1 kb padding. A 1.6-kb unit-homologous segment at GRCh38 chr1:161,480,626-161,482,262 is deliberately not masked, so its k-mers drop as background.	The unit is 64% GC, with 500-bp windows up to 78%, so GC correction limits accuracy. An earlier GC-corrected CRAM check (HG00733) read 15% above its assembly, so the absolute scale must be checked against the HPRC counts. The FCGR CNV region starts at chr1:161.49 Mb: do not normalise on the flank or widen the sink past 161.48 Mb. NA12878 whole-file scan: 40,377 reads, 99.98% in the expected locus, none unmapped, uncorrected 44.3 units. The one-mismatch filter removed 508 k-mers, including the 5 that had drawn 18 NA12878 reads to chr1:161,481,000. DRAGEN is untested.
RNU1	rna-arrays	rna-arrays.k31.panel.tsv.gz	positional	0	units/RNU1.fa	12000	400	Recall over each whole 12-kb copy is 0.218-0.223 in all 12 reference copies: GRCh38 RNU1-1 0.218, RNU1-3 0.218, RNU1-4 0.219, RNU1-2 0.223, the KI270713 unit 0.219, and the 7 CHM13 units 0.218-0.222. The recall is equal across copies by construction. Before the one-mismatch filter it was 0.364-0.368 (852 k-mers). Other haplotypes were not measured (no HPRC assembly was available to this build).	0.221	A	candidate: no sinks yet	Diploid number of canonical U1 snRNA repeat units at 1p36.13, counted from about 2.6 kb of k-mer-bearing sequence per unit. It counts units, not exact genes: the 164-bp gene body is not in the panel because it is identical at the 1q21 vU1 and chr14 loci.	HPRC r2 exact-gene counts have been measured for 40 cohort members (4-10 per haplotype, 10-17 diploid). About 200 cohort members have r2 assemblies, 130 of them already scanned. The truth should be recounted as units carrying the 400 core k-mers rather than exact genes. As a proxy from existing counts, the chr1_KI270713v1_random per-contig tally correlates r=0.77-0.83 with the assembly counts and transmits with R_mid 0.99 in 385 trios. Nakashima 2025 (PMID 40425278) reports 5-13 canonical U1 per haplotype in HPRC r1.	5972	0.9993	2.11	CHM13v2.0 chr1:16,118,190-16,130,189, reverse complement (samtools faidx -i), 12,000 bp: the U1 gene at chr1:16,127,026-16,127,189(-) from 3 kb upstream to 9 kb downstream, with the gene on the + strand of the unit. A keep BED (masks/RNU1.core_keep.bed, made by scripts/core_keep.py) follows the DJ recipe: it keeps only unit positions whose 31-mer occurs exactly once in each of the 12 reference U1 units. Those are GRCh38 RNU1-1, -2, -3 and -4, the unit on chr1_KI270713v1_random, and 7 CHM13 1p36 units, including one at chr1:15,955,819 whose gene has one mismatch. The copies were found as RNU1-1 gene hits (minimap2 sr, at most 2 mismatches) in GRCh38 chr1:15.5-17.5 Mb plus KI270713, and in CHM13 chr1:15.0-17.2 Mb.	GRCh38: the four 1p36.13 units at chr1:16,505,285-16,517,285, 16,657,948-16,669,948, 16,737,515-16,749,515 and 16,892,979-16,904,979 (masked with 500 bp padding), plus the whole of chr1_KI270713v1_random. KI270713 is an unplaced U1 unit, 99.96% identical to a CHM13 unit, and probably belongs in the N gap at chr1:16,799,164-16,849,164. CHM13: 7 units in chr1:15,946,982-16,715,419, masked with 500 bp padding. Not masked, so their k-mers drop: the vU1 genes at 1q12-q21, RNU1-27P and RNU1-28P on chr14, and the 90-95% fragments on KI270765v1_alt and KI270714v1_random.	Recall is below 50%, and the class is kept on purpose. The 400 core k-mers are present once in every reference unit, so every copy has the same recall (0.22) and the count is proportional to the number of units. At 30x that is about 330 fragment ends per haploid unit, or a Poisson SD of about 0.2 units at 13 diploid units. NA12878 whole-file scan: 5,972 reads (533 duplicate-flagged), 99.93% in the expected loci, none unmapped, uncorrected 18.2 units. The one-mismatch filter removed 452 of the 852 core k-mers, because the 1p36 flanks are 82-92% identical to the 1q21 vU1 flanks; before it, 23 NA12878 reads came from chr6:72.56 Mb. Unit types missing from the 12 reference copies may lack core k-mers, so re-derive the core on HPRC haplotypes before making integer calls. A pipeline without KI270713 would place these reads elsewhere, so sinks must be learned per pipeline.
SNORD3	rna-arrays	rna-arrays.k31.panel.tsv.gz	positional	0	units/SNORD3.fa	4542	2649	GRCh38 copies: 3B-1 module 0.902, 3B-2 (partial) 0.876, 3D (the unit) 0.905, 3A 0.884, 3C (partial) 0.862. CHM13 copies: 0.872-0.905. Median 54-74 k-mers per read. Before the one-mismatch filter: 0.972-0.977.	0.903	B	candidate: no sinks yet	Diploid number of U3 snoRNA modules, i.e. U3 (SNORD3) gene dosage in the 17p11.2 REPA/REPB structural polymorphism. The reference has 10 (5 per haplotype). The class cannot tell which copy a read came from.	The 1KGP 30x SV callset (Byrska-Bishop 2022) gives read-depth copy number (RD_CN 1-7) for all 3,202 genomes at six records inside the block; for example, HGSV_215119 has 1,873 genomes at CN2, 930 at CN3, 332 at CN4 and 63 at CN5. It comes from the same reads, so it is a comparator, not independent truth. Independent truth would come from HPRC r2 or HGSVC3 assemblies, which have not been counted yet.	4900	0.9992	1.19	GRCh38 analysis set chr17:19,111,334-19,115,875 (+), 4,542 bp, samtools faidx: the U3 module that carries SNORD3D. It is one of 5 module copies in the REPA/REPB segmental duplications. minimap2 asm20 of the module finds, in GRCh38 chr17:19,058,671-19,193,468, 3 full copies and 2 partial copies that lack unit bases 0-408; CHM13 has the same 5 at chr17:19,006,570-19,141,448. Each copy carries one SNORD3 gene (3A, 3B-1, 3B-2, 3C or 3D).	GRCh38, primary chr17 only: module copies at 19,058,671-19,067,403, 19,111,333-19,115,875 and 19,184,792-19,193,468, masked with 500 bp padding. No alt, decoy or random copy. CHM13: 19,006,570-19,015,264, 19,084,204-19,088,746 and 19,132,792-19,141,448, masked with 500 bp padding. Only the module copies are masked, not the whole 220-kb block, so module k-mers found elsewhere in the block drop.	The two partial copies lack unit bases 0-408, so windows there expect 3 copies per haploid reference instead of 5; the estimator needs per-window expectations. The one-mismatch filter removed 806 k-mers (Alu and L1 content). NA12878 whole-file scan: 4,900 reads, 99.92% in the expected loci, none unmapped, uncorrected 9.8 modules (reference 10). Reads spread across the paralogs at MAPQ 0. The CNV itself is already catalogued; what is new is U3 dosage and how it relates to rDNA45S dosage. An earlier review found DRAGEN 3.7.6 and 4.2.7 keep the same read total in this block for HG00096.
SNORD116	rna-arrays	rna-arrays.k31.panel.tsv.gz	positional	0	units/SNORD116.fa	58000	54013	GRCh38 array 0.984, CHM13 array 0.984; median 120 k-mers per read. No alt or decoy copy.	0.985	A	candidate: no sinks yet	Array dosage along the SNORD116 cluster, which is 2 copies in most people. Deletions and duplications of 1-24 kb (for example the recurrent 1,075-bp deletion) show as dips or peaks in the per-window profile; the whole-array total barely varies.	The 1KGP 30x SV callset has genotypes for all 3,202 genomes; for example, the 1,075-bp deletion has AF 0.041 (257 het, 4 hom). For events of at least 1 kb, the callset's own trio check finds 18 Mendelian errors in 311 informative pairs. It comes from the same reads, so it is a comparator. HPRC r2 assemblies of about 200 cohort members (43 of them carrying a SNORD SV of at least 1 kb) can give independent counts, not yet extracted.	13890	0.9970	0.34	GRCh38 analysis set chr15:25,051,001-25,109,000 (+), 58,000 bp, samtools faidx: the whole SNORD116-1..30 cluster (RefSeq chr15:25,051,475-25,108,352) with about 0.5 kb of flank. The repeat units are diverged (about 79% identical), so the whole single-copy array serves as the unit. CHM13 chr15:22,787,660-22,845,657 is collinear with it (minimap2 asm5, 57,990 of 58,000 matches).	GRCh38 chr15:25,051,000-25,109,000 only (the mask is the unit). CHM13 chr15:22,787,659-22,845,657.	This is uniquely mappable, single-copy sequence (98.9% MAPQ 60 in NA12878), so a region count would measure the same thing. The panel adds k-mer specificity and lets a scan show where the reads land. The estimate has to be made per window, because a whole-array estimate hides the SVs. NA12878 whole-file scan: 13,890 reads, 99.70% inside the expected locus (39 of the 42 outside start just left of the unit), none unmapped, uncorrected 1.95. The one-mismatch filter removed 378 k-mers, including those that had drawn 6 reads to chr8:105.67 Mb. Only the paternal copy is expressed; trios give the parent of origin.
SNORD115	rna-arrays	rna-arrays.k31.panel.tsv.gz	positional	0	units/SNORD115.fa	100500	84660	GRCh38 array 0.939, CHM13 array 0.939; median 117 k-mers per read. No alt or decoy copy.	0.939	A	candidate: no sinks yet	Array dosage along the SNORD115 cluster as a per-window profile: recurrent unit deletions of 2,139, 5,169 and 10,587 bp (homozygous carriers exist) and rare duplications.	The 1KGP 30x SV callset covers all 3,202 genomes: the 2,139-bp deletion has 142 het and 36 hom carriers, the 5,169-bp deletion 151 het and 12 hom, the 10,587-bp deletion 59 het. The same losses appear in 1000G phase 3 and DGV. HPRC r2 assemblies can give independent counts.	25517	0.9990	0.61	GRCh38 analysis set chr15:25,170,001-25,270,500 (+), 100,500 bp, samtools faidx: the whole SNORD115-1..48 cluster (RefSeq chr15:25,170,722-25,269,858). It includes the L1PA5 between SNORD115-44 and -45, whose k-mers drop as background. CHM13 chr15:22,906,671-23,007,167 is collinear with it (minimap2 asm5, 100,476 of 100,500 matches).	GRCh38 chr15:25,170,000-25,270,500 only (the mask is the unit). CHM13 chr15:22,906,670-23,007,167.	The unit is 58% GC against 36% in the flanks, so GC correction matters (NA12878 reads an uncorrected 2.17). The one-mismatch filter removed 1,834 k-mers, including the 7 (an LTR12C at unit positions 82,759-82,765) that had drawn 31 NA12878 reads to an LTR12C at chr6:148.70 Mb. After the filter: 25,517 reads, 99.90% inside the expected locus, none unmapped. The callset is from the same reads, and half of its Mendelian errors are sub-kb indels, which a per-window profile cannot resolve.
HHV6A	nonhuman	nonhuman.k31.panel.tsv.gz	positional	0	units/HHV6A.fa	151288	115912	150-bp reads tiled every 10 bp, >= 4 panel k-mers. 0.978 on U1102 itself; 0.968 GS (KC465951.1), 0.963 AJ (KP257584.1); on integrated genomes sequenced from carriers: 0.961 KY316047.1 (NA18999), 0.963 KY316049.1 (3A-10q26.3), 0.873 MG894370.1 (iciHG00657), 0.832 MG894374.1 (iciNA18999). Median 56-102 panel k-mers per read. There is no GRCh38 or CHM13 copy to test. The 2% missed on its own strain is the DR's telomeric (TTAGGG) block, whose k-mers are in GRCh38 and were dropped as background: those reads are TEL's.	0.977	A	candidate: no sinks yet	HHV-6A dosage per genome, and from the unit profile whether a carrier holds a whole integrated genome or only a direct repeat left by excision (the DR bins against the U bins). Copies per cell come from the control fragment rate and the unit length, as for rDNA45S.	Telford 2018 (Sci Rep 8:3472) Table 1: 11 HHV-6-positive 1000 Genomes individuals with species called from the phase-3 screen of 2,535 individuals, 9 of them in the 3,202 (HHV-6A: HG00657, HG01277, NA18999), ddPCR 0.92-1 copies per cell; the other ~2,524 screened individuals are negative truth. The integrated genomes of HG00657 and NA18999 are in GenBank (MG894370.1, MG894374.1, KY316047.1) and are in the recall set above. Trio transmission is a second, internal test: the existing decoy tallies already show 0/5 transmissions from 4 carrier parents.	0	-	-	GenBank NC_001664.4 (HHV-6A U1102, 159,378 bp), bases 1-151,288 = DRL + U. The record's own repeat_region features give DRL 1-8,089 and DRR 151,289-159,378; the right-hand copy is removed so that every direct-repeat k-mer occurs once in the unit. A positional class drops k-mers seen twice in its unit, so keeping both copies would delete the whole DR and with it the solo-DR readout.	Absent from GRCh38 primary, alts, HLA and from CHM13. One copy in the analysis set: chrUn_JTFH01000690v1_decoy:334-1258, which is HHV-6A direct repeat (minimap2 asm20, 856/927 bases to NC_001664.4:6,767-7,691 and 158,055-158,979) - measured here against all 2,385 decoys plus chrEBV and chrM. Everything else is in the unmapped bin, apart from the DR's telomeric block, which maps to chromosome ends inside the shipped TEL sinks. This is a mask-free build, so no panel k-mer occurs anywhere in GRCh38 or CHM13; the loci are recorded in work/expected_loci.bed as a hypothesis for sink learning, not as a fetch plan.	Species assignment needs the HHV6A:HHV6B ratio, not presence. Positional classes are scored independently (src/count.rs classify), and the two species are about 90% identical in U, so a carrier's reads hit both classes: measured on real unmapped bins, HG00657 (a Telford HHV-6A carrier) gives 17,233 HHV6A against 3,440 HHV6B, and HG02301 (HHV-6B) gives 18,635 HHV6B against 1,128 HHV6A. The ratio separates them cleanly; a bare count does not. Copy number cannot separate a germline integration from a clonal LCL integration - only transmission or junction reads can. The DR:U ratio is not a calibrated excision fraction: the DR is about 59% GC and U about 41%, and the engine has no per-bin GC model, so use the binary solo-DR call. The unit is one strain, so divergent strains lose 3-17% of reads. The first assembly kept 18 simple-repeat k-mers (unit 127,139-127,142 and a (TATG)n/(ATGT/ATAC)n run at 132,117-132,283), which gave NA12878, which carries no HHV-6, 21 HHV6A reads (chr1:21.418 and 16.850 Mb). assemble.py now removes every k-mer that is periodic with a period of 1-6 bp at <= 2 mismatches (telomere-repeat variants and microsatellites: absent from GRCh38 and CHM13, so the background filter kept them, but present in every genome's reads). After it the same scan gives 0 HHV6A reads.
HHV6B	nonhuman	nonhuman.k31.panel.tsv.gz	positional	0	units/HHV6B.fa	153321	119799	0.989 on Z29 itself; 0.984 HST (AB021506.1); 0.962-0.970 on the four integrated genomes of this cohort's own carriers (MG894368.1 HG00245, MG894369.1 HG00362, MG894372.1 HG02016, MG894373.1 HG02301); 0.982-0.985 on the two GTEx iciHHV-6B genomes (MH698401.1, MH698402.1); 0.991 on KY316045.1. Median 81-103 panel k-mers per read. No GRCh38 or CHM13 copy exists.	0.993	A	candidate: no sinks yet	HHV-6B dosage per genome and the whole-genome versus solo-DR profile, as for HHV6A. HHV-6B is the commoner integrant (about 1% of people in UK Biobank against 0.3% for 6A).	Telford 2018 Table 1 (HHV-6B: HG00245, HG00362, HG01058, HG01162, HG02016, HG02301, NA19381, NA19382; ddPCR 0.92-1 copies per cell) with the genomes MG894368/369/372/373 as recall material, plus negative truth for the rest of the phase-3 screen. Trio transmission inside the cohort. Kamitaki 2026 gives the biobank-scale prevalence to compare against (eHHV-6B 1.03% of 490,401 UK Biobank donors).	0	-	-	GenBank NC_000898.1 (HHV-6B Z29, 162,114 bp), bases 1-153,321 = DRL + U; the record's repeat_region features give DRL 1-8,793 and DRR 153,322-162,114, and the right-hand copy is removed for the same reason as HHV6A.	Absent from GRCh38 (including every decoy: the HHV-6 decoy is 6A-like and has no asm20 hit to Z29) and from CHM13. Reads are in the unmapped bin; the DR's telomeric block maps to chromosome ends inside the shipped TEL sinks.	The same species-ratio caveat as HHV6A (measured cross-assignment 6% in an HHV-6B carrier, 20% in an HHV-6A carrier). HG00145 is a discordance worth following: 971 HHV6B and 23 HHV6A reads in its unmapped bin, although Telford's screen called it negative. One strain per unit. Copy number cannot separate germline from clonal-LCL integration. The first assembly kept 10 simple-repeat k-mers (unit 331-365 and 8,245-8,246); NA12878 had no HHV6B read with or without them. assemble.py now removes every k-mer that is periodic with a period of 1-6 bp at <= 2 mismatches (telomere-repeat variants and microsatellites: absent from GRCh38 and CHM13, so the background filter kept them, but present in every genome's reads).
HHV7	nonhuman	nonhuman.k31.panel.tsv.gz	positional	0	units/HHV7.fa	143046	137144	0.959 on RK itself and 0.996 on the JI genome (U43400.1); median 120 of the 120 possible k-mers per read. Only two complete genomes exist, both included.	0.976	C	candidate: no sinks yet	HHV-7 load, and - the reason it is here whether or not HHV-7 itself is wanted - it competes for reads that would otherwise inflate the HHV-6 direct repeat. A prior measurement had 116 of 124 HHV-7 cross-hits landing in the HHV-6B DR; building HHV7 in the same run drops every k-mer it shares with the roseoloviruses from both.	None per sample. HHV-7 is near-universal in adults as a salivary virus but rare in LCL DNA: 0 reads in the five unmapped bins tested here. Chrisman 2022 reports fewer than 10 HHV-7 reads per sample in iHART WGS, with children higher than parents - a testable batch/age prediction in this cohort, since all trio children are in the 698 batch.	0	-	-	GenBank NC_001716.2 (HHV-7 RK, 153,080 bp), bases 1-143,046 = DR + U; the record's repeat_region features give the terminal direct repeats 1-10,034 and 143,047-153,080, and the right-hand copy is removed.	Absent from GRCh38 and CHM13. Reads are in the unmapped bin; the telomere-like T1/T2 blocks of its DR map to chromosome ends inside the shipped TEL sinks.	One strain pair, both laboratory isolates. No external per-sample truth, so the class is a competitor and a load measure, not a validation target. Integrated HHV-7 exists but is much rarer than iciHHV-6. The first assembly kept 27 such k-mers in the unit's telomere-like direct-repeat blocks (unit 152-212, 484, 9,194-9,846; TTAGGG/TCAGGG/TAGCCC variants). With them, NA12878, which carries no HHV-7, got 283 HHV7 reads at chromosome ends (175 at chr5:10-13 kb, 25 at chrX:156.03 Mb), a floor in every genome larger than the expected LCL signal. assemble.py now removes every k-mer that is periodic with a period of 1-6 bp at <= 2 mismatches (telomere-repeat variants and microsatellites: absent from GRCh38 and CHM13, so the background filter kept them, but present in every genome's reads). After it the same scan gives 0 HHV7 reads. Other near-telomeric variants may remain: check a nonzero count's placements (chromosome ends) and known-negative genomes before reading it as virus.
SMRV	nonhuman	nonhuman.k31.panel.tsv.gz	positional	0	units/SMRV.fa	8785	7903	0.928 on all three SMRV genomes; median 120 panel k-mers per read (89 for MK561030.1). The 7% missed are reads lying inside the terminal repeat: 402 k-mers occur twice in the unit and a positional class drops them. Cutting one repeat copy out of the unit, as was done for the roseoloviruses, would recover them.	0.928	A	candidate: no sinks yet	SMRV copies per cell in a lymphoblastoid line: a BSL-2 retrovirus carried by some B95-8-derived cultures. Kojima found it at 0.10-2.34x autosomal depth in 12 CEU lines, i.e. from a minor subclone to more than one copy per cell.	Kojima, Kamada & Parrish 2021 (PLoS Genet 17:e1009324) S1 Table: per-sample SMRV mapped length, depth and ratio to autosomal depth for 12 CEU 1000 Genomes LCLs (NA11840, NA11920, NA11930, NA11933, NA12286, NA12287, NA12399, NA12400, NA12760, NA12762, NA12763, NA12776), with blood-derived DNA from the same subjects negative and PCR confirmation. All 12 are in the 3,202 and none is among the 1,748 genomes scanned so far, so the remaining scans are a clean recall and precision test against a published table. Spouse pairs are positive together, so the class should also show batch structure and no Mendelian transmission - a negative control for the trio machinery.	0	-	-	GenBank NC_001514.1, squirrel monkey retrovirus HLB, the whole 8,785-bp genome (the accession the task asked to find; M23385.1 is the identical-length SMRV-H entry and MK561030.1 an 8,787-bp isolate, both used for recall).	Absent from GRCh38 (no decoy hit) and from CHM13, and it shares no 31-mer with any human endogenous retrovirus in either assembly or with Mason-Pfizer monkey virus (NC_001550.1, in the background). Provirus reads are in the unmapped bin; virus-human junction pairs sit next to their human mate at the integration site, which is not recurrent between samples (Kojima 2021) - roughly 5-10% of the pairs, and a reason a scan reads more than an unmapped-bin fetch.	Kojima's calls come from the same NYGC CRAMs by a different method (unmapped-read realignment), so the agreement is between two tools on one set of reads, not an orthogonal assay; their PCR and the negative blood-derived DNA are the independent parts. It is a culture property, not a human phenotype, and it should be about zero in blood-derived biobank DNA. The 7% terminal-repeat loss is a fixed factor in any copy number.
PHIX	nonhuman	nonhuman.k31.panel.tsv.gz	positional	1	units/PHIX.fa	5386	5386	1.000 on both genomes, median 120 k-mers per read. Every k-mer of the genome survives every background: the unit is 5,386 bp and the panel holds 5,386 k-mers.	1.000	C	candidate: no sinks yet	How much of the Illumina spike-in reached this library. On a NovaSeq run phiX is not indexed, so what appears in a sample is index hopping and barcode misassignment: a direct per-library gauge of the same process that puts a trace of every other sample into this one.	None per sample. The test is structural: the reading should track flowcell, lane and release batch rather than the donor, and it should be independent of everything biological in the cohort. That makes it the cleanest available negative control for any batch effect the cohort reports, and a covariate for the low-level cross-sample contamination that matters for chrY-in-XX and heteroplasmy analyses.	10	-	-	GenBank NC_001422.1, Escherichia phage phiX174, the whole 5,386-bp circular genome (J02482.1 is the identical original entry, used for recall).	Absent from GRCh38 and CHM13 entirely. Reads are in the unmapped bin. Measured on five real unmapped bins: 8-17 phiX reads per sample (HG00096 9, HG00145 8, HG00657 11, HG02301 16, HG01918 17), so the class fires at a low, non-zero level in every genome.	Not biology. Its value is entirely as a technical covariate and a hopping gauge, and it is only as good as the sequencing metadata available to join it to. The counts are small (tens of reads), so it is a rate, not a precise measurement, in any single genome.
MYCO	nonhuman	nonhuman-myco.k31.panel.tsv.gz	compositional	0	units/MYCO.fa.gz	4039267	3731523	0.84-0.99 over 13 strains, measured on the unmasked genomes so the masked operons count against it: hyorhinis 0.990 (HUB-1), 0.960 (IMT49388), 0.958 (N36N21c); orale 0.988 (NCTC 10112, the only complete genome available); hominis 0.980 (ATCC 23114), 0.853 (SP2565), 0.842 (2539); fermentans 0.988 (M64), 0.988 (PG18), 0.937 (JER); arginini 0.978 (HAZ145_1), 0.861 (NCTC 10129), 0.905 (LGL1). Specificity: 0.000 over 319,029 tiled reads of four bacteria deliberately left out of the background (Klebsiella pneumoniae, Enterococcus faecalis, Bacteroides thetaiotaomicron, Treponema pallidum).	0.999	C	candidate: no sinks yet	Whether a cell line was contaminated with culture mycoplasma, and how heavily: reads per million control fragments, or genome equivalents per cell from the 0.67-1.12 Mb genomes. A contaminated LCL has altered nucleotide metabolism, so this is a covariate for every LCL-derived dosage the cohort reports.	None per sample. Langdon 2014 (BioData Min 7:3) reports at least 7% of 1000 Genomes samples contaminated, but from the older low-coverage GRCh37 data and with no per-sample table. The internal test is plate and release-batch structure, and the four arginini decoys give a weak independent check: across the 1,748 existing scans no sample has more than 4 reads on them, so a heavy arginini-like contamination would already have shown.	0	-	-	One class from the five Mycoplasma species of cell culture, one reference genome each: Mesomycoplasma hyorhinis NC_014448.1 (HUB-1), Metamycoplasma orale NZ_LR214940.1 (NCTC 10112), Metamycoplasma hominis NC_013511.1 (ATCC 23114), Mycoplasmopsis fermentans NC_014921.1 (M64), Mycoplasmopsis arginini NZ_AP014657.1 (HAZ145_1); 4,039,267 bp in all. Every rRNA, tRNA, ncRNA, misc_RNA and tmRNA feature of each GenBank record, padded 50 bp, is replaced by N before the build (201 features, 72,747 bp; units/MYCO.rna_masked.tsv), because those operons are shared with bacteria no background list can enumerate.	Four hs38d1 decoys are Mycoplasmopsis arginini sequence: chrUn_JTFH01000085v1_decoy (3,673/3,711 bases to NZ_AP014657.1:14,425-18,136), chrUn_JTFH01000160v1_decoy (2,736/2,772), chrUn_JTFH01000296v1_decoy (2,039/2,075) and chrUn_JTFH01000814v1_decoy (998/1,036) - 9,960 bp in all, measured here. Their k-mers are dropped as background (7,026 arginini k-mers lost), so the panel cannot fire on a read that maps there. Nothing in CHM13. Every other read is in the unmapped bin.	One class for five species, so there is no species call; splitting it would give five classes whose k-mer sets are disjoint, but an off-panel species is then misattributed to its nearest listed relative at a few per cent (measured previously: M. orale reads hit an M. fermentans class in 2.1% of tiles). A species not in the class is largely invisible either way. Recall drops to 0.84-0.86 on the more divergent hominis and arginini strains, so the reading is a floor. It is 97% of this panel's k-mers and 337 MB of a scan's peak memory, which is why it ships as a separate loadable file. It is a culture property with no human phenotype, and should be about zero in blood-derived biobank DNA. No false positives on real data either: 0 reads in 361,646 unmapped reads from three 1000 Genomes CRAMs, a bin full of poly-G artefacts.
EBV2	nonhuman	nonhuman.k31.panel.tsv.gz	compositional	0	units/EBV2.fa	11277	9067	On type 2: 1.000 on the AG876 EBNA-2 block and 0.976 on the EBNA-3A-3C block, and - held out of the build - 0.962 and 0.950 on the homologous blocks of the second type-2 genome Jijoye (LN827800.1, located by aligning the AG876 regions to it). On type 1: 0.000 over the whole genomes of five type-1 strains (C666-1 OR134767.1, NPC43 OR134769.1, C17 OR134766.1, sLCL-IM1.16 LN827799.1, chrEBV NC_007605.1; 16,622-17,306 tiled reads each), three of which were not in the background.	0.980	B	candidate: no sinks yet	Whether the virus that transformed a line (or a second virus the donor carried) is EBV type 2 rather than type 1, and in what proportion. Type 2 differs from type 1 chiefly in these latency genes, transforms B cells less efficiently, and is much commoner in sub-Saharan Africa.	No per-sample type table exists for the 1000 Genomes LCLs, so the test is a population prediction over 26 populations with a large n: type 2 should be concentrated in the African-ancestry panels and rare elsewhere, and its reading should be proportional to the chrEBV load the cohort already publishes. Kamitaki 2026 (Nature 653:1099) typed EBV this way across 490,401 UK Biobank and 414,817 All of Us genomes and is the external anchor for the method and for the expected type-2 frequency. Santpere 2014 shows at least 10 of these LCLs carry a donor virus beside B95-8, which is where a type-2 genome would be.	34	1.0000	2.23	GenBank NC_009334.1 (EBV type 2, strain AG876), the two blocks where the types differ most, taken from the record's own CDS coordinates: EBNA-2 at 36,201-37,565 and the EBNA-3A/3B/3C block at 80,026-89,937 (11,277 bp). This is the region pair Kamitaki 2026 used to type EBV in UK Biobank and All of Us. The background includes the reference's own chrEBV (NC_007605.1, type 1) and five further type-1 genomes (Akata KC207813.1, Mutu KC207814.1, M81 KF373730.1, GD1 AY961628.3, Raji KF717093.1), so only type-2-diagnostic k-mers survive: 1,623 of the 10,690 candidates were dropped as type-1 background.	EBV type 2 is not in GRCh38 in any form; chrEBV is type 1. Unlike the other six classes, most EBV-2 reads will still align - to chrEBV, at type-1/type-2 identity of about 80-96% in these genes - so the class's reads are split between chrEBV and the unmapped bin in a proportion no one has measured. That split is exactly what scans have to establish before any fetch: the honest fetch plan is chrEBV plus the unmapped bin, and the sinks must be learned like everyone else's.	0 reads in the five unmapped bins tested here, which is expected both because type 2 is uncommon in these lines and because most EBV reads align to chrEBV rather than falling in the unmapped bin - this class cannot be read from the unmapped bin alone. The k-mers come from one type-2 strain, so a divergent type-2 virus reads low (Jijoye still gives 0.95). A nonzero reading needs a floor set for index hopping and cross-sample contamination, which the PHIX class measures, and it has a second floor from type 1 itself that scales with EBV load: type-1 reads with a sequencing error or a minor variant at a site where the types differ by one base carry 4-31 EBV2 k-mers. In NA12878 (an LCL transformed with B95-8, type 1) 34 of its 1,777,780 chrEBV records (27 not duplicate-flagged), 1.9e-5, carry >= 4 EBV2 k-mers, all at chrEBV 79,941-87,429 (the EBNA-3 block) and none in the EBNA-2 block, where the types differ most (the test fixture's 4,621 chrEBV reads give 0, as expected). chrEBV records in the 1,748 counted scans range from 126,194 to 30,872,944 (median 1,089,570), so at that rate the floor is about 21 reads in the median genome, 96 at the 95th percentile and up to about 590. Because it is proportional to the chrEBV load, as a true type-2 reading also is, type 2 has to be called from the EBV2/chrEBV read ratio well above 2e-5, or from reads in the EBNA-2 block, not from a count threshold. The complementary measurement - the B95-8 deletion window chrEBV:144,445-151,554, which detects donor wild-type virus - is a reference region for controls.bed, not a panel class, and is not built here.
VNTR_ACAN	coding-vntrs	coding-vntrs.k31.panel.tsv.gz	compositional	0	units/VNTR_ACAN.fa	3758	626	GRCh38 primary (1879 bp) 1.000; CHM13 (1879 bp) 1.000, 1.000 with k-mers of the GRCh38 primary allele only. Median panel k-mers per read 120-120 (>= 4 needed). Edge term eff_len - array bp per allele: 83 bp	1.000	A	candidate: no sinks yet	Diploid length of the ACAN exon-12 57-bp coding VNTR (chondroitin-sulfate attachment domain), in bp and 57-bp units; UKB alleles 13-44 units.	No deposited per-sample table. Allele lengths are exact in HPRC release-2 and HGSVC2/3 haplotype assemblies of ~200 cohort members (map the flanks, as done here for CHM13; Mukamel 2021 compared their ACAN estimates with HGSVC2) and in 1000G ONT reads (Gustafson et al. 2024, PMID 39358015, 100+ samples at 37x, read N50 54 kb, so the arrays are spanned). Trios: child = one allele from each parent.	535	0.9963	0.19	All reference alleles of the array, one FASTA record each: GRCh38 chr15:88855423-88857301 (TRF 57-bp x32.8 (94%)), and the CHM13v2.0 array between the GRCh38 3-kb flanks mapped to CHM13 (minimap2 asm5, MAPQ 60), samtools faidx from the local FASTAs.	GRCh38 primary chr15:88855423-88857301 (1879 bp); CHM13 chr15:86610066-86611944 (1879 bp, + strand). No decoy, HLA or other alt copy (arrays and 3-kb flanks mapped to all 3,341 non-primary contigs with minimap2)	Height association P=1.7e-234 in UKB (Mukamel 2021, PMID 34554798). GRCh38 and CHM13 carry the same 1,879-bp (33-unit) allele, so the panel has one allele's k-mers; units are 94% identical and the GRCh38 panel sees the CHM13 allele fully, but unit subtypes absent from both (e.g. the 6-unit African allele) are untested. Precision ~+-3 diploid units at 30x (assessment). k-mers: 626 candidates, 0 dropped as GRCh38/CHM13 background, 0 shared with another class of this group, 0 shared with a shipped panel. Expected fetch cost 0.30 MB of HG00096's CRAM (0.0019%) if the sinks are the reference arrays on the 10-kb grid. Sinks not learned yet (see notes).
VNTR_MUC1	coding-vntrs	coding-vntrs.k31.panel.tsv.gz	compositional	0	units/VNTR_MUC1.fa	5699	1366	GRCh38 primary (3376 bp) 1.000; CHM13 (2323 bp) 1.000, 1.000 with k-mers of the GRCh38 primary allele only. Median panel k-mers per read 120-120 (>= 4 needed). Edge term eff_len - array bp per allele: 175 bp	1.000	A	candidate: no sinks yet	Diploid length of the MUC1 60-bp coding VNTR (20-125 units per allele), in bp and units; GC 0.80.	As ACAN: HPRC/HGSVC assemblies (MUC1 arrays of 1.5-5 kb are within HiFi reach, completeness to be checked per haplotype) and 1000G ONT spanning reads. Mukamel 2021 compared MUC1 with HGSVC2; no per-1000G-sample values are public.	920	0.9533	0.39	All reference alleles of the array, one FASTA record each: GRCh38 chr1:155188676-155192051 (TRF 60-bp x36.5 + x19.9 (92%)), and the CHM13v2.0 array between the GRCh38 3-kb flanks mapped to CHM13 (minimap2 asm5, MAPQ 60), samtools faidx from the local FASTAs.	GRCh38 primary chr1:155188676-155192051 (3376 bp); CHM13 chr1:154328292-154330614 (2323 bp, + strand). No decoy, HLA or other alt copy (arrays and 3-kb flanks mapped to all 3,341 non-primary contigs with minimap2)	Serum urea P=2.7e-163, urate, gout (Mukamel 2021); frameshifts in the VNTR cause ADTKD-MUC1 (Kirby 2013) but a depth count cannot see them. GC 0.80: the read-GC curve must be supported there (HG00096/HG00097 controls reach 0.80). Mukamel 2023: GRCh38 misassembles the array boundary; the class counts sequence, not placement, and the edge term here is 175 bp per allele (partial units just outside the TRF span). k-mers: 1366 candidates, 0 dropped as GRCh38/CHM13 background, 0 shared with another class of this group, 0 shared with a shipped panel. Expected fetch cost 0.39 MB of HG00096's CRAM (0.0025%) if the sinks are the reference arrays on the 10-kb grid. Sinks not learned yet (see notes).
VNTR_MUC19	coding-vntrs	coding-vntrs.k31.panel.tsv.gz	compositional	0	units/VNTR_MUC19.fa	25188	11795	GRCh38 primary (11936 bp) 1.000; CHM13 (13252 bp) 1.000 (0.964 before the decoy was masked), 0.998 with k-mers of the GRCh38 primary allele only. Median panel k-mers per read 113-117 (>= 4 needed). Edge term eff_len - array bp per allele: -393, 83 bp	1.000	A	candidate: no sinks yet	Diploid length of the MUC19 exonic 30-bp VNTR (the whole exonic 30-bp-family repeat, chr12:40,479,264-40,491,199), in bp and 30-bp units; per-chromosome averages 268-493 units in 1KG populations.	Villanea et al. 2025 (Science 389:eadl0882, PMID 40839725) counted the repeats in 1KG individuals and report per-individual averages of the two chromosomes (their tables S14-S17; data DRYAD doi:10.5061/dryad.z612jm6pj, not downloaded here; which 1KG data they counted from was not checked). HPRC/HGSVC assemblies of cohort members as for ACAN.	3651	0.9992	0.33	All reference alleles of the array, one FASTA record each: GRCh38 chr12:40479264-40491199 (TRF 30-bp x287.5 (79%) at 40482592-40491199 (the Villanea et al. 2025 VNTR, hg19 chr12:40876395-40885001) plus the 30-bp-family repeats upstream in the same exon, incl. Mukamel's 447-bp regions 40480051-40481941), and the CHM13v2.0 array between the GRCh38 3-kb flanks mapped to CHM13 (minimap2 asm5, MAPQ 60), samtools faidx from the local FASTAs.	GRCh38 primary chr12:40479264-40491199 (11936 bp); CHM13 chr12:40431338-40444589 (13252 bp, + strand). hs38d1 decoy chrUn_JTFH01000840v1_decoy (1,107 bp) is a piece of the array (1,081/1,095 identity to the CHM13 allele, 925 of its 1,044 distinct 31-mers in the class sources) and is masked as the class's own copy. No HLA, alt or other decoy copy (arrays and 3-kb flanks mapped to all 3,341 non-primary contigs with minimap2; every source's 31-mers counted in them)	Not in Mukamel's WES list (the 8.6-kb 30-bp array is too long for exome depth); added from Villanea 2025: the Denisovan-like, Neanderthal-introgressed MUC19 haplotype carries an expanded array, most often in MXL and other AMR populations, which are in this cohort. The class includes Mukamel's two 447-bp-period MUC19 regions (IBD2R 0.72/0.93) because they share the 30-bp motif; the variable part is the 30-bp array. The introgressed expanded alleles that the truth concerns are not among the sources (GRCh38, CHM13), so recall on their unit sub-types is unmeasured. k-mers: 11795 candidates, 0 dropped as GRCh38/CHM13 background (the 925 that the first build dropped, and so its CHM13 recall of 0.964, were the class's own sequence in hs38d1 decoy chrUn_JTFH01000840v1_decoy, now masked; reads of the array may also be placed on that decoy), 0 shared with another class of this group, 0 shared with a shipped panel. Expected fetch cost 0.34 MB of HG00096's CRAM (0.0022%) if the sinks are the reference arrays on the 10-kb grid. Sinks not learned yet (see notes).
VNTR_FLG	coding-vntrs	coding-vntrs.k31.panel.tsv.gz	compositional	0	units/VNTR_FLG.fa	22628	7106	GRCh38 primary (10828 bp) 1.000; CHM13 (11800 bp) 1.000, 1.000 with k-mers of the GRCh38 primary allele only. Median panel k-mers per read 120-120 (>= 4 needed). Edge term eff_len - array bp per allele: 83 bp	1.000	B	candidate: no sinks yet	Diploid number of filaggrin repeats (972 bp each; 10, 11 or 12 per allele), i.e. diploid mass / 972.	No per-1000G-sample table. Integer allele sizes in HPRC/HGSVC assemblies and 1000G ONT reads (a 10-12 kb array is spanned by ONT reads). GRCh38 = 11 repeats (10,828 bp), CHM13 = 12 (11,800 bp).	2702	1.0000	0.25	All reference alleles of the array, one FASTA record each: GRCh38 chr1:152303180-152314007 (TRF 972-bp x11.1 (92%): the filaggrin repeats), and the CHM13v2.0 array between the GRCh38 3-kb flanks mapped to CHM13 (minimap2 asm5, MAPQ 60), samtools faidx from the local FASTAs.	GRCh38 primary chr1:152303180-152314007 (10828 bp); CHM13 chr1:151438756-151450555 (11800 bp, + strand). No decoy, HLA or other alt copy (arrays and 3-kb flanks mapped to all 3,341 non-primary contigs with minimap2)	Brown et al. 2012 (J Invest Dermatol 132:98, PMID 22071473): each extra repeat lowers atopic-dermatitis odds by 0.88; a 2022 study in White and Black Americans found no association (PMID 34407261). Near-integer: one repeat is 972 bp against a counting SD of ~420 bp diploid at 30x, so integer calls need the GC-model error to stay below ~2%. FLG loss-of-function variants are not measured. k-mers: 7106 candidates, 0 dropped as GRCh38/CHM13 background, 0 shared with another class of this group, 0 shared with a shipped panel. Expected fetch cost 0.34 MB of HG00096's CRAM (0.0022%) if the sinks are the reference arrays on the 10-kb grid. Sinks not learned yet (see notes).
VNTR_NEB	coding-vntrs	coding-vntrs.k31.panel.tsv.gz	compositional	0	units/VNTR_NEB.fa	63520	12744	GRCh38 primary (31782 bp) 0.986; CHM13 (31738 bp) 0.987, 0.981 with k-mers of the GRCh38 primary allele only. Median panel k-mers per read 120-120 (>= 4 needed). Edge term eff_len - array bp per allele: -372, -322 bp	0.987	B	candidate: no sinks yet	Diploid copy number of the ~10.6-kb nebulin triplicate (TRI) block (exons 82-105); 3 per allele, 6 diploid normally.	Integer: 3 blocks per allele is the normal count (Sagath et al. 2022, PMID 35576196, custom ddPCR and the group's earlier aCGH, clinical samples outside this cohort); how often other counts occur in the population was not checked; HPRC assemblies of cohort members. No 1000G table checked (the GATK-SV 3,202 callset was not searched here).	7851	0.9966	0.41	All reference alleles of the array, one FASTA record each: GRCh38 chr2:151577839-151609620 (minimap2 self-alignment, the triplicate (TRI) region, 3 blocks of ~10.6 kb (97.5-98.6%)), and the CHM13v2.0 array between the GRCh38 3-kb flanks mapped to CHM13 (minimap2 asm5, MAPQ 60), samtools faidx from the local FASTAs.	GRCh38 primary chr2:151577839-151609620 (31782 bp); CHM13 chr2:152029656-152061393 (31738 bp, + strand). No decoy, HLA or other alt copy (arrays and 3-kb flanks mapped to all 3,341 non-primary contigs with minimap2)	Copy-number changes of >= 2 blocks from 3 per allele are pathogenic for nemaline myopathy (Sagath 2022); expected to be near-constant in the population, so it doubles as an integer control, and deviating samples are carrier candidates. 1,527 k-mers dropped as background (interspersed repeats inside the blocks), recall 0.986; 31 k-mers shared with VNTR_C2orf78 dropped from both. Not a VNTR in Mukamel's sense (a 3-copy segmental block), but it is in their list (IBD2R 0.89). k-mers: 14302 candidates, 1527 dropped as GRCh38/CHM13 background, 31 shared with another class of this group, 0 shared with a shipped panel. Expected fetch cost 0.37 MB of HG00096's CRAM (0.0024%) if the sinks are the reference arrays on the 10-kb grid. Sinks not learned yet (see notes).
VNTR_MUC4	coding-vntrs	coding-vntrs.k31.panel.tsv.gz	compositional	0	units/VNTR_MUC4.fa	101582	7272	GRCh38 primary (9813 bp) 1.000; CHM13 (17016 bp) 1.000, 1.000 with k-mers of the GRCh38 primary allele only; GRCh38 KI270779v1_alt (15816 bp) 1.000, 1.000 with k-mers of the GRCh38 primary allele only; GRCh38 KI270895v1_alt (9813 bp) 1.000, 1.000 with k-mers of the GRCh38 primary allele only; GRCh38 KI270924v1_alt (9816 bp) 1.000, 1.000 with k-mers of the GRCh38 primary allele only; GRCh38 KI270934v1_alt (9813 bp) 1.000, 1.000 with k-mers of the GRCh38 primary allele only; GRCh38 KI270935v1_alt (9869 bp) 1.000, 1.000 with k-mers of the GRCh38 primary allele only; GRCh38 KI270936v1_alt (9813 bp) 1.000, 1.000 with k-mers of the GRCh38 primary allele only; GRCh38 KI270937v1_alt (9813 bp) 1.000, 1.000 with k-mers of the GRCh38 primary allele only. Median panel k-mers per read 120-120 (>= 4 needed). Edge term eff_len - array bp per allele: 83 bp	1.000	C	candidate: no sinks yet	Diploid length of the MUC4 48-bp coding VNTR (exon 2), GRCh38 9.8 kb, CHM13 17.0 kb, alt alleles 9.8-15.8 kb.	Assemblies (HPRC/HGSVC) and ONT reads of cohort members; no public per-sample table found.	4052	0.9963	0.86	All reference alleles of the array, one FASTA record each: GRCh38 chr3:195778850-195788662 (TRF 96/144-bp periods of the 48-bp MUC4 unit x102 (87%)), the 7 GRCh38 alt-contig arrays, and the CHM13v2.0 array between the GRCh38 3-kb flanks mapped to CHM13 (minimap2 asm5, MAPQ 60), samtools faidx from the local FASTAs.	GRCh38 primary chr3:195778850-195788662 (9813 bp); GRCh38 chr3_KI270779v1_alt:150655-166470; GRCh38 chr3_KI270895v1_alt:6074-15886; GRCh38 chr3_KI270924v1_alt:6074-15889; GRCh38 chr3_KI270934v1_alt:6074-15886; GRCh38 chr3_KI270935v1_alt:148628-158496; GRCh38 chr3_KI270936v1_alt:6074-15886; GRCh38 chr3_KI270937v1_alt:6074-15886; CHM13 chr3:198569463-198586478 (17016 bp, - strand). No decoy, HLA or other alt copy (arrays and 3-kb flanks mapped to all 3,341 non-primary contigs with minimap2)	Most variable mucin array; no strong germline phenotype association. Seven GRCh38 alt contigs carry MUC4 arrays (four identical to the primary): reads can land on alts, which is why it is the costliest class here (alt-contig slices are large); learned sinks decide. k-mers: 7272 candidates, 0 dropped as GRCh38/CHM13 background, 0 shared with another class of this group, 0 shared with a shipped panel. Expected fetch cost 5.72 MB of HG00096's CRAM (0.0366%) if the sinks are the reference arrays on the 10-kb grid. Sinks not learned yet (see notes).
VNTR_DMBT1	coding-vntrs	coding-vntrs.k31.panel.tsv.gz	compositional	0	units/VNTR_DMBT1.fa	31334	4886	GRCh38 primary (19726 bp) 0.987; CHM13 (11608 bp) 0.986, 0.986 with k-mers of the GRCh38 primary allele only. Median panel k-mers per read 85-86 (>= 4 needed). Edge term eff_len - array bp per allele: -189, -93 bp	0.987	C	candidate: no sinks yet	Diploid length of the DMBT1 SRCR-SID repeat region (4,059-bp blocks; GRCh38 19.7 kb, CHM13 11.6 kb): the number of bacteria-binding SRCR domains.	Polley et al. 2016 (EJHG 24:1294, PMID 26813944) typed the two CNV regions by PRT in European cohorts, not 1000G; assemblies of cohort members.	4121	0.9959	0.33	All reference alleles of the array, one FASTA record each: GRCh38 chr10:122598647-122618372 (minimap2 self-alignment, SRCR-SID blocks of 4059 bp (91-94%), spanning the Mukamel region chr10:122599445-122617454), and the CHM13v2.0 array between the GRCh38 3-kb flanks mapped to CHM13 (minimap2 asm5, MAPQ 60), samtools faidx from the local FASTAs.	GRCh38 primary chr10:122598647-122618372 (19726 bp); CHM13 chr10:123481806-123493413 (11608 bp, + strand). No decoy, HLA or other alt copy (arrays and 3-kb flanks mapped to all 3,341 non-primary contigs with minimap2)	Rapidly mutating (Polley 2016); Crohn's association not replicated. 2,126 k-mers dropped as background (interspersed repeats; ~1-kb pieces at 88-91% on 20+ alts), recall 0.987, median 85 hits. The array spans the Mukamel region chr10:122,599,446-122,617,454 (IBD2R 0.97); the second DMBT1 CNV region (122,570,305-122,573,866, IBD2R 0.25) is not included. k-mers: 7012 candidates, 2126 dropped as GRCh38/CHM13 background, 0 shared with another class of this group, 0 shared with a shipped panel. Expected fetch cost 0.32 MB of HG00096's CRAM (0.0021%) if the sinks are the reference arrays on the 10-kb grid. Sinks not learned yet (see notes).
VNTR_HRNR	coding-vntrs	coding-vntrs.k31.panel.tsv.gz	compositional	0	units/VNTR_HRNR.fa	27632	4783	GRCh38 primary (7817 bp) 1.000; CHM13 (19815 bp) 1.000, 1.000 with k-mers of the GRCh38 primary allele only. Median panel k-mers per read 120-120 (>= 4 needed). Edge term eff_len - array bp per allele: 83 bp	1.000	C	candidate: no sinks yet	Diploid length of the hornerin repeat region (1,410/351-bp periods; GRCh38 7.8 kb, CHM13 19.8 kb).	Assemblies and ONT reads of cohort members.	4268	0.9993	0.40	All reference alleles of the array, one FASTA record each: GRCh38 chr1:152213251-152221067 (TRF 1410-bp x5.6 (94%), 351-bp x22.2), and the CHM13v2.0 array between the GRCh38 3-kb flanks mapped to CHM13 (minimap2 asm5, MAPQ 60), samtools faidx from the local FASTAs.	GRCh38 primary chr1:152213251-152221067 (7817 bp); CHM13 chr1:151336818-151356632 (19815 bp, + strand). No decoy, HLA or other alt copy (arrays and 3-kb flanks mapped to all 3,341 non-primary contigs with minimap2)	Epidermal differentiation complex next to FLG; no background k-mers, recall 1.0. Very wide reference range (2.5x) suggests large length variation; no phenotype link established. k-mers: 4783 candidates, 0 dropped as GRCh38/CHM13 background, 0 shared with another class of this group, 0 shared with a shipped panel. Expected fetch cost 0.42 MB of HG00096's CRAM (0.0027%) if the sinks are the reference arrays on the 10-kb grid. Sinks not learned yet (see notes).
VNTR_MUC12	coding-vntrs	coding-vntrs.k31.panel.tsv.gz	compositional	0	units/VNTR_MUC12.fa	40163	3905	GRCh38 primary (11335 bp) 0.983; CHM13 (28828 bp) 0.962, 0.961 with k-mers of the GRCh38 primary allele only. Median panel k-mers per read 120-120 (>= 4 needed). Edge term eff_len - array bp per allele: -554, 360 bp	0.969	D	candidate: no sinks yet	Diploid length of the MUC12 coding tandem-repeat region (84-bp units at 64% identity with 753/1,422-bp higher-order periods; GRCh38 11.3 kb, CHM13 28.8 kb).	Assemblies of cohort members.	7852	0.9996	0.47	All reference alleles of the array, one FASTA record each: GRCh38 chr7:100993065-101004399 (TRF 84-bp x125 (64%), 753/1422-bp higher-order periods), and the CHM13v2.0 array between the GRCh38 3-kb flanks mapped to CHM13 (minimap2 asm5, MAPQ 60), samtools faidx from the local FASTAs.	GRCh38 primary chr7:100993065-101004399 (11335 bp); CHM13 chr7:102298308-102327135 (28828 bp, + strand). No decoy, HLA or other alt copy (arrays and 3-kb flanks mapped to all 3,341 non-primary contigs with minimap2)	Divergent units; 572 k-mers background-dropped; CHM13 recall 0.962; 393 read starts outside the TRF span are assigned (partial units within the 200-bp mask pad), part of the per-allele edge term. k-mers: 4477 candidates, 572 dropped as GRCh38/CHM13 background, 0 shared with another class of this group, 0 shared with a shipped panel. Expected fetch cost 0.45 MB of HG00096's CRAM (0.0029%) if the sinks are the reference arrays on the 10-kb grid. Sinks not learned yet (see notes).
VNTR_MUC6	coding-vntrs	coding-vntrs.k31.panel.tsv.gz	compositional	0	units/VNTR_MUC6.fa	29506	7812	GRCh38 primary (1728 bp) 1.000; CHM13 (12696 bp) 1.000 (0.937 before the decoy was masked), 0.865 with k-mers of the GRCh38 primary allele only; GRCh38 KI270902v1_alt (8551 bp) 1.000, 0.837 with k-mers of the GRCh38 primary allele only; GRCh38 KI270927v1_alt (6531 bp) 1.000, 0.869 with k-mers of the GRCh38 primary allele only. Median panel k-mers per read 98-112 (>= 4 needed). Edge term eff_len - array bp per allele: -508, 278 bp	1.000	D	candidate: no sinks yet	Diploid length of the MUC6 coding tandem repeat (507-bp periods).	Assemblies of cohort members.	2673	0.9974	1.02	All reference alleles of the array, one FASTA record each: GRCh38 chr11:1016562-1018289 (TRF 507-bp x2.1 (94%), 672-bp x2 (90%)), the 2 GRCh38 alt-contig arrays, and the CHM13v2.0 array between the GRCh38 3-kb flanks mapped to CHM13 (minimap2 asm5, MAPQ 60), samtools faidx from the local FASTAs.	GRCh38 primary chr11:1016562-1018289 (1728 bp); GRCh38 chr11_KI270902v1_alt:79304-87854; GRCh38 chr11_KI270927v1_alt:86152-92682; CHM13 chr11:1075478-1088173 (12696 bp, + strand). hs38d1 decoy chrUn_JTFH01000899v1_decoy (1,055 bp) is a piece of the array (1,047/1,055 identity to the CHM13 allele, 916 of its 936 distinct 31-mers in the class sources) and is masked as the class's own copy. No HLA or other alt or decoy copy (arrays and 3-kb flanks mapped to all 3,341 non-primary contigs with minimap2; every source's 31-mers counted in them)	GRCh38 primary holds only 1.7 kb while its two alts hold 6.5 and 8.6 kb and CHM13 12.7 kb: the primary is a short allele or collapsed. Panel k-mers of the GRCh38 primary allele alone see only 84-87% of reads from the other alleles (median 36-39 hits), so recall on alleles unlike the four in the panel may be lower than measured. The 916 k-mers that the first build dropped as background were the class's own sequence in hs38d1 decoy chrUn_JTFH01000899v1_decoy (not the MUC2/MUC5 cluster, as first stated), now masked; reads of the array may also be placed on that decoy. The two alt contigs make it the second costliest class. k-mers: 7812 candidates, 0 dropped as GRCh38/CHM13 background, 0 shared with another class of this group, 0 shared with a shipped panel. Expected fetch cost 2.58 MB of HG00096's CRAM (0.0165%) if the sinks are the reference arrays on the 10-kb grid. Sinks not learned yet (see notes).
VNTR_AHNAK2	coding-vntrs	coding-vntrs.k31.panel.tsv.gz	compositional	0	units/VNTR_AHNAK2.fa	21706	9226	GRCh38 primary (11843 bp) 1.000; CHM13 (9863 bp) 1.000, 1.000 with k-mers of the GRCh38 primary allele only. Median panel k-mers per read 120-120 (>= 4 needed). Edge term eff_len - array bp per allele: 84 bp	1.000	D	candidate: no sinks yet	Diploid length of the AHNAK2 495-bp coding repeat (GRCh38 11.8 kb, CHM13 9.9 kb).	Assemblies of cohort members.	3041	0.9993	0.23	All reference alleles of the array, one FASTA record each: GRCh38 chr14:104941600-104953442 (TRF 495-bp x24 (89%)), and the CHM13v2.0 array between the GRCh38 3-kb flanks mapped to CHM13 (minimap2 asm5, MAPQ 60), samtools faidx from the local FASTAs.	GRCh38 primary chr14:104941600-104953442 (11843 bp); CHM13 chr14:99188074-99197936 (9863 bp, + strand). No decoy, HLA or other alt copy (arrays and 3-kb flanks mapped to all 3,341 non-primary contigs with minimap2)	Clean (0 background, recall 1.0); no known phenotype. k-mers: 9226 candidates, 0 dropped as GRCh38/CHM13 background, 0 shared with another class of this group, 0 shared with a shipped panel. Expected fetch cost 0.35 MB of HG00096's CRAM (0.0022%) if the sinks are the reference arrays on the 10-kb grid. Sinks not learned yet (see notes).
VNTR_EPPK1	coding-vntrs	coding-vntrs.k31.panel.tsv.gz	compositional	0	units/VNTR_EPPK1.fa	18707	2268	GRCh38 primary (8563 bp) 0.971; CHM13 (10144 bp) 0.971, 0.966 with k-mers of the GRCh38 primary allele only. Median panel k-mers per read 120-120 (>= 4 needed). Edge term eff_len - array bp per allele: -265, -205 bp	0.970	D	candidate: no sinks yet	Diploid length of the epiplakin plakin-repeat array (1,602-bp units at 99%; GRCh38 8.6 kb, CHM13 10.1 kb).	Assemblies of cohort members.	3158	1.0000	0.47	All reference alleles of the array, one FASTA record each: GRCh38 chr8:143858046-143866608 (TRF 1602-bp x5.3 (99%)), and the CHM13v2.0 array between the GRCh38 3-kb flanks mapped to CHM13 (minimap2 asm5, MAPQ 60), samtools faidx from the local FASTAs.	GRCh38 primary chr8:143858046-143866608 (8563 bp); CHM13 chr8:145014737-145024880 (10144 bp, + strand). No decoy, HLA or other alt copy (arrays and 3-kb flanks mapped to all 3,341 non-primary contigs with minimap2)	GC 0.73; 238 k-mers background-dropped, recall 0.97. k-mers: 2507 candidates, 238 dropped as GRCh38/CHM13 background, 0 shared with another class of this group, 0 shared with a shipped panel. Expected fetch cost 0.23 MB of HG00096's CRAM (0.0015%) if the sinks are the reference arrays on the 10-kb grid. Sinks not learned yet (see notes).
VNTR_C2orf78	coding-vntrs	coding-vntrs.k31.panel.tsv.gz	compositional	0	units/VNTR_C2orf78.fa	50717	7004	GRCh38 primary (27810 bp) 1.000; CHM13 (22907 bp) 1.000, 1.000 with k-mers of the GRCh38 primary allele only. Median panel k-mers per read 120-120 (>= 4 needed). Edge term eff_len - array bp per allele: 8, 15 bp	1.000	D	candidate: no sinks yet	Diploid length of the C2orf78 coding repeat (4,891-bp units x5.7 at 94-99%; GRCh38 27.8 kb, CHM13 22.9 kb: one unit apart).	Assemblies of cohort members.	8389	0.9953	0.52	All reference alleles of the array, one FASTA record each: GRCh38 chr2:73782728-73810537 (minimap2 self-alignment, 4891-bp blocks x5.7 (94-99%)), and the CHM13v2.0 array between the GRCh38 3-kb flanks mapped to CHM13 (minimap2 asm5, MAPQ 60), samtools faidx from the local FASTAs.	GRCh38 primary chr2:73782728-73810537 (27810 bp); CHM13 chr2:73795822-73818728 (22907 bp, + strand). No decoy, HLA or other alt copy (arrays and 3-kb flanks mapped to all 3,341 non-primary contigs with minimap2)	Gene of unknown function; 1,668 k-mers background-dropped and 31 shared with VNTR_NEB dropped from both; recall 1.0. Unit-level (4.9 kb) steps are easily resolved. k-mers: 8703 candidates, 1668 dropped as GRCh38/CHM13 background, 31 shared with another class of this group, 0 shared with a shipped panel. Expected fetch cost 0.50 MB of HG00096's CRAM (0.0032%) if the sinks are the reference arrays on the 10-kb grid. Sinks not learned yet (see notes).
VNTR_PLIN4	coding-vntrs	coding-vntrs.k31.panel.tsv.gz	compositional	0	units/VNTR_PLIN4.fa	5460	2617	GRCh38 primary (2631 bp) 1.000; CHM13 (2829 bp) 1.000, 1.000 with k-mers of the GRCh38 primary allele only. Median panel k-mers per read 120-120 (>= 4 needed). Edge term eff_len - array bp per allele: 83 bp	1.000	D	candidate: no sinks yet	Diploid length of the PLIN4 99-bp coding repeat (GRCh38 2.6 kb, CHM13 2.8 kb).	Assemblies and ONT reads.	946	0.9989	0.43	All reference alleles of the array, one FASTA record each: GRCh38 chr19:4510857-4513487 (TRF 99-bp x26.3 (74%), 297/396-bp), and the CHM13v2.0 array between the GRCh38 3-kb flanks mapped to CHM13 (minimap2 asm5, MAPQ 60), samtools faidx from the local FASTAs.	GRCh38 primary chr19:4510857-4513487 (2631 bp); CHM13 chr19:4494342-4497170 (2829 bp, + strand). No decoy, HLA or other alt copy (arrays and 3-kb flanks mapped to all 3,341 non-primary contigs with minimap2)	Clean; small reference difference (2 units). k-mers: 2617 candidates, 0 dropped as GRCh38/CHM13 background, 0 shared with another class of this group, 0 shared with a shipped panel. Expected fetch cost 0.43 MB of HG00096's CRAM (0.0027%) if the sinks are the reference arrays on the 10-kb grid. Sinks not learned yet (see notes).
VNTR_TRIOBP	coding-vntrs	coding-vntrs.k31.panel.tsv.gz	compositional	0	units/VNTR_TRIOBP.fa	2938	805	GRCh38 primary (1322 bp) 1.000; CHM13 (1616 bp) 1.000, 1.000 with k-mers of the GRCh38 primary allele only. Median panel k-mers per read 120-120 (>= 4 needed). Edge term eff_len - array bp per allele: 83 bp	1.000	D	candidate: no sinks yet	Diploid length of the TRIOBP exon-7 repeat (147/216-bp periods; GRCh38 1.3 kb, CHM13 1.6 kb).	Assemblies and ONT reads.	397	0.9874	0.40	All reference alleles of the array, one FASTA record each: GRCh38 chr22:37723685-37725006 (TRF 147-bp x8.8 (91%), 72/216-bp), and the CHM13v2.0 array between the GRCh38 3-kb flanks mapped to CHM13 (minimap2 asm5, MAPQ 60), samtools faidx from the local FASTAs.	GRCh38 primary chr22:37723685-37725006 (1322 bp); CHM13 chr22:38184900-38186515 (1616 bp, + strand). No decoy, HLA or other alt copy (arrays and 3-kb flanks mapped to all 3,341 non-primary contigs with minimap2)	Deafness gene (DFNB28) but no length-phenotype link; array 1.3 kb, near the resolution limit (~+-150 bp). k-mers: 805 candidates, 0 dropped as GRCh38/CHM13 background, 0 shared with another class of this group, 0 shared with a shipped panel. Expected fetch cost 0.40 MB of HG00096's CRAM (0.0025%) if the sinks are the reference arrays on the 10-kb grid. Sinks not learned yet (see notes).
VNTR_NCAPG2	coding-vntrs	coding-vntrs.k31.panel.tsv.gz	compositional	0	units/VNTR_NCAPG2.fa	2220	484	GRCh38 primary (1067 bp) 1.000; CHM13 (1153 bp) 1.000, 1.000 with k-mers of the GRCh38 primary allele only. Median panel k-mers per read 120-120 (>= 4 needed). Edge term eff_len - array bp per allele: 85 bp	1.000	D	candidate: no sinks yet	Diploid length of the NCAPG2 29-bp coding repeat (GRCh38 1.07 kb, CHM13 1.15 kb).	Assemblies and ONT reads.	596	0.9681	0.37	All reference alleles of the array, one FASTA record each: GRCh38 chr7:158667330-158668396 (TRF 29-bp x36.9 (87%), 202-bp x5.3 (92%)), and the CHM13v2.0 array between the GRCh38 3-kb flanks mapped to CHM13 (minimap2 asm5, MAPQ 60), samtools faidx from the local FASTAs.	GRCh38 primary chr7:158667330-158668396 (1067 bp); CHM13 chr7:159894627-159895779 (1153 bp, + strand). No decoy, HLA or other alt copy (arrays and 3-kb flanks mapped to all 3,341 non-primary contigs with minimap2)	Short unit; the two references differ by 3 units, below the ~+-150 bp resolution; kept because Mukamel's IBD2R is 0.86. k-mers: 484 candidates, 0 dropped as GRCh38/CHM13 background, 0 shared with another class of this group, 0 shared with a shipped panel. Expected fetch cost 0.37 MB of HG00096's CRAM (0.0023%) if the sinks are the reference arrays on the 10-kb grid. Sinks not learned yet (see notes).
VNTR_ZNF512B	coding-vntrs	coding-vntrs.k31.panel.tsv.gz	compositional	0	units/VNTR_ZNF512B.fa	1445	292	GRCh38 primary (1361 bp) 1.000; CHM13 84 bp allele: shorter than a read, no read inside it (reads over it and its flanks: eff_len 177 bp). Median panel k-mers per read 120-120 (>= 4 needed). Edge term eff_len - array bp per allele: 93 bp	1.000	D	candidate: no sinks yet	Diploid length of the ZNF512B 43-bp coding repeat (GRCh38 31 units, CHM13 2 units).	Assemblies and ONT reads.	164	0.9939	0.23	All reference alleles of the array, one FASTA record each: GRCh38 chr20:63964799-63966159 (TRF 43-bp x31 (95%)), and the CHM13v2.0 array between the GRCh38 3-kb flanks mapped to CHM13 (minimap2 asm5, MAPQ 60), samtools faidx from the local FASTAs.	GRCh38 primary chr20:63964799-63966159 (1361 bp); CHM13 chr20:65785760-65785843 (84 bp, + strand). No decoy, HLA or other alt copy (arrays and 3-kb flanks mapped to all 3,341 non-primary contigs with minimap2)	CHM13's 84-bp allele is shorter than a read: reads over a short allele still count via the edge term (177 bp per allele), so alleles below ~150 bp are not separable from each other; alleles of 0.5-1.4 kb are. k-mers: 292 candidates, 0 dropped as GRCh38/CHM13 background, 0 shared with another class of this group, 0 shared with a shipped panel. Expected fetch cost 0.38 MB of HG00096's CRAM (0.0025%) if the sinks are the reference arrays on the 10-kb grid. Sinks not learned yet (see notes).
VNTR_TUBGCP2	coding-vntrs	coding-vntrs.k31.panel.tsv.gz	compositional	0	units/VNTR_TUBGCP2.fa	1375	438	GRCh38 primary (1283 bp) 1.000; CHM13 92 bp allele: shorter than a read, no read inside it (reads over it and its flanks: eff_len 175 bp). Median panel k-mers per read 120-120 (>= 4 needed). Edge term eff_len - array bp per allele: 83 bp	1.000	D	candidate: no sinks yet	Diploid length of the TUBGCP2 94/188-bp coding repeat (GRCh38 1.28 kb, CHM13 92 bp).	Assemblies and ONT reads.	113	1.0000	0.21	All reference alleles of the array, one FASTA record each: GRCh38 chr10:133291221-133292503 (TRF 94-bp x8.7 (94%), 188-bp x7), and the CHM13v2.0 array between the GRCh38 3-kb flanks mapped to CHM13 (minimap2 asm5, MAPQ 60), samtools faidx from the local FASTAs.	GRCh38 primary chr10:133291221-133292503 (1283 bp); CHM13 chr10:134246849-134246940 (92 bp, + strand). No decoy, HLA or other alt copy (arrays and 3-kb flanks mapped to all 3,341 non-primary contigs with minimap2)	Mukamel 2023 reports repeat alleles carrying alternative splice sites in TUBGCP2. As ZNF512B, the short CHM13 allele is below read length. k-mers: 438 candidates, 0 dropped as GRCh38/CHM13 background, 0 shared with another class of this group, 0 shared with a shipped panel. Expected fetch cost 0.16 MB of HG00096's CRAM (0.0010%) if the sinks are the reference arrays on the 10-kb grid. Sinks not learned yet (see notes).
VNTR_UVSSA	coding-vntrs	coding-vntrs.k31.panel.tsv.gz	compositional	0	units/VNTR_UVSSA.fa	1891	733	GRCh38 primary (1175 bp) 1.000; CHM13 (716 bp) 1.000, 1.000 with k-mers of the GRCh38 primary allele only. Median panel k-mers per read 120-120 (>= 4 needed). Edge term eff_len - array bp per allele: 84 bp	1.000	D	candidate: no sinks yet	Diploid length of the UVSSA 31-bp coding repeat (GRCh38 1.18 kb, CHM13 0.72 kb).	Assemblies and ONT reads.	302	1.0000	0.21	All reference alleles of the array, one FASTA record each: GRCh38 chr4:1394531-1395705 (TRF 31-bp x38 (89%)), and the CHM13v2.0 array between the GRCh38 3-kb flanks mapped to CHM13 (minimap2 asm5, MAPQ 60), samtools faidx from the local FASTAs.	GRCh38 primary chr4:1394531-1395705 (1175 bp); CHM13 chr4:1393174-1393889 (716 bp, + strand). No decoy, HLA or other alt copy (arrays and 3-kb flanks mapped to all 3,341 non-primary contigs with minimap2)	Short unit; clean k-mers; no phenotype link. k-mers: 733 candidates, 0 dropped as GRCh38/CHM13 background, 0 shared with another class of this group, 0 shared with a shipped panel. Expected fetch cost 0.39 MB of HG00096's CRAM (0.0025%) if the sinks are the reference arrays on the 10-kb grid. Sinks not learned yet (see notes).
